Customer_ID,Customer_Name,Gender,Age,Customer_Segment,City,State,Region,Signup_Date
C00001,Pooja Malhotra,Male,46,Consumer,Chandigarh,Chandigarh,North,2022-10-31
C00002,Ayaan Gupta,Female,65,Consumer,Kolkata,West Bengal,East,2023-01-03
C00003,Aisha Mehta,Male,32,Consumer,Mumbai,Maharashtra,West,2022-10-26
C00004,Priya Mehta,Male,66,Small Business,Hyderabad,Telangana,South,2023-09-06
C00005,Sanya Chaudhary,Male,52,Small Business,Bengaluru,Karnataka,South,2024-02-24
C00006,Pooja Sharma,Male,62,Corporate,Meerut,Uttar Pradesh,North,2022-03-03
C00007,Aisha Kapoor,Female,68,Small Business,Pune,Maharashtra,West,2023-08-29
C00008,Aditya Kapoor,Male,28,Consumer,Bhubaneswar,Odisha,East,2023-10-22
C00009,Kabir Mehta,Female,50,Small Business,Jaipur,Rajasthan,North,2024-09-01
C00010,Vivaan Mishra,Male,36,Corporate,Bengaluru,Karnataka,South,2024-06-06
C00011,Aisha Verma,Female,19,Corporate,Chennai,Tamil Nadu,South,2023-12-17
C00012,Neha Kumar,Female,58,Corporate,Delhi,Delhi,North,2022-07-10
C00013,Aditya Kapoor,Male,51,Corporate,Kolkata,West Bengal,East,2022-06-09
C00014,Diya Kumar,Female,30,Consumer,Kolkata,West Bengal,East,2023-04-11
C00015,Neha Mishra,Male,32,Corporate,Kochi,Kerala,South,2024-12-15
C00016,Priya Sharma,Male,33,Small Business,Kochi,Kerala,South,2024-10-07
C00017,Ananya Sharma,Male,26,Consumer,Meerut,Uttar Pradesh,North,2026-01-24
C00018,Tanya Chaudhary,Male,56,Small Business,Surat,Gujarat,West,2024-08-24
C00019,Kabir Jain,Female,21,Small Business,Chandigarh,Chandigarh,North,2025-08-24
C00020,Neha Chaudhary,Female,34,Small Business,Chandigarh,Chandigarh,North,2024-06-11
C00021,Arjun Bansal,Male,59,Consumer,Chennai,Tamil Nadu,South,2022-12-18
C00022,Sanya Mehta,Male,62,Corporate,Delhi,Delhi,North,2023-08-18
C00023,Aarav Bansal,Male,49,Consumer,Hyderabad,Telangana,South,2024-01-01
C00024,Pooja Malhotra,Female,38,Small Business,Surat,Gujarat,West,2025-12-26
C00025,Aditya Bansal,Male,51,Corporate,Kolkata,West Bengal,East,2024-12-11
C00026,Ananya Chaudhary,Female,20,Small Business,Ahmedabad,Gujarat,West,2023-10-18
C00027,Tanya Mehta,Female,26,Consumer,Bhubaneswar,Odisha,East,2025-01-07
C00028,Sanya Malhotra,Female,31,Consumer,Jaipur,Rajasthan,North,2024-06-25
C00029,Riya Verma,Male,27,Consumer,Patna,Bihar,East,2024-09-24
C00030,Aarav Mehta,Male,39,Corporate,Ahmedabad,Gujarat,West,2025-10-25
C00031,Meera Kumar,Male,57,Consumer,Jaipur,Rajasthan,North,2024-11-21
C00032,Sanya Sharma,Male,25,Small Business,Delhi,Delhi,North,2023-02-04
C00033,Kabir Singh,Female,42,Corporate,Ahmedabad,Gujarat,West,2022-04-03
C00034,Simran Kumar,Male,36,Small Business,Delhi,Delhi,North,2023-01-11
C00035,Ayaan Mehta,Male,37,Small Business,Surat,Gujarat,West,2022-12-30
C00036,Simran Kumar,Female,37,Consumer,Jaipur,Rajasthan,North,2024-01-17
C00037,Pooja Kapoor,Female,39,Small Business,Guwahati,Assam,East,2023-01-19
C00038,Kabir Jain,Male,63,Small Business,Bengaluru,Karnataka,South,2025-07-04
C00039,Aditya Gupta,Female,22,Consumer,Guwahati,Assam,East,2023-04-25
C00040,Kabir Malhotra,Female,33,Consumer,Guwahati,Assam,East,2024-09-15
C00041,Aditya Malhotra,Male,36,Consumer,Bhubaneswar,Odisha,East,2022-12-07
C00042,Aditya Sharma,Female,22,Consumer,Patna,Bihar,East,2023-10-27
C00043,Diya Jain,Female,48,Corporate,Mumbai,Maharashtra,West,2022-02-06
C00044,Ananya Verma,Female,53,Corporate,Ahmedabad,Gujarat,West,2025-10-01
C00045,Diya Bansal,Female,67,Small Business,Pune,Maharashtra,West,2023-12-25
C00046,Neha Mishra,Female,43,Small Business,Mumbai,Maharashtra,West,2025-09-12
C00047,Kabir Kapoor,Female,55,Consumer,Ahmedabad,Gujarat,West,2024-11-02
C00048,Kavya Mishra,Female,67,Corporate,Chandigarh,Chandigarh,North,2024-08-13
C00049,Arjun Jain,Male,65,Small Business,Pune,Maharashtra,West,2026-01-12
C00050,Aditya Jain,Male,36,Corporate,Hyderabad,Telangana,South,2023-12-26
C00051,Simran Gupta,Male,52,Corporate,Chandigarh,Chandigarh,North,2023-04-23
C00052,Meera Kapoor,Female,57,Small Business,Meerut,Uttar Pradesh,North,2023-10-19
C00053,Meera Bansal,Female,62,Small Business,Mumbai,Maharashtra,West,2026-01-09
C00054,Sanya Verma,Female,41,Small Business,Chandigarh,Chandigarh,North,2025-02-02
C00055,Aisha Kumar,Female,64,Corporate,Guwahati,Assam,East,2023-02-20
C00056,Aditya Bansal,Female,67,Corporate,Bhubaneswar,Odisha,East,2023-07-14
C00057,Ananya Bansal,Male,55,Consumer,Chennai,Tamil Nadu,South,2025-10-12
C00058,Aarav Chaudhary,Female,37,Consumer,Delhi,Delhi,North,2025-08-18
C00059,Kavya Bansal,Female,62,Consumer,Meerut,Uttar Pradesh,North,2023-12-10
C00060,Vivaan Chaudhary,Female,37,Corporate,Jaipur,Rajasthan,North,2025-06-13
C00061,Diya Mehta,Female,29,Consumer,Bhubaneswar,Odisha,East,2024-06-30
C00062,Ishaan Kumar,Female,18,Corporate,Bhubaneswar,Odisha,East,2025-07-26
C00063,Kavya Mehta,Male,25,Corporate,Surat,Gujarat,West,2023-08-06
C00064,Riya Gupta,Male,56,Small Business,Pune,Maharashtra,West,2024-12-08
C00065,Arjun Verma,Male,57,Small Business,Jaipur,Rajasthan,North,2023-08-10
C00066,Aisha Mehta,Female,22,Consumer,Chandigarh,Chandigarh,North,2025-07-04
C00067,Arjun Chaudhary,Female,48,Consumer,Hyderabad,Telangana,South,2023-09-15
C00068,Tanya Kumar,Male,65,Small Business,Kochi,Kerala,South,2025-03-18
C00069,Vivaan Malhotra,Female,50,Corporate,Kochi,Kerala,South,2023-10-18
C00070,Ayaan Mishra,Male,38,Corporate,Kochi,Kerala,South,2023-11-16
C00071,Pooja Jain,Female,45,Corporate,Kochi,Kerala,South,2024-11-30
C00072,Aisha Verma,Male,27,Consumer,Kochi,Kerala,South,2024-05-18
C00073,Sanya Singh,Male,23,Consumer,Chandigarh,Chandigarh,North,2023-01-28
C00074,Rohan Mehta,Male,54,Corporate,Guwahati,Assam,East,2022-08-29
C00075,Riya Sharma,Female,36,Consumer,Hyderabad,Telangana,South,2024-07-06
C00076,Sanya Verma,Female,36,Consumer,Bhubaneswar,Odisha,East,2025-12-28
C00077,Simran Sharma,Female,40,Small Business,Chennai,Tamil Nadu,South,2022-05-17
C00078,Tanya Verma,Male,46,Small Business,Chandigarh,Chandigarh,North,2024-11-18
C00079,Vivaan Bansal,Male,32,Small Business,Jaipur,Rajasthan,North,2024-11-27
C00080,Sanya Sharma,Male,34,Consumer,Chandigarh,Chandigarh,North,2022-03-10
C00081,Aisha Bansal,Male,21,Consumer,Chandigarh,Chandigarh,North,2023-04-05
C00082,Rohan Bansal,Male,63,Corporate,Chandigarh,Chandigarh,North,2025-11-17
C00083,Rohan Malhotra,Female,56,Corporate,Meerut,Uttar Pradesh,North,2024-08-01
C00084,Priya Chaudhary,Male,38,Consumer,Pune,Maharashtra,West,2023-08-11
C00085,Neha Sharma,Female,28,Consumer,Surat,Gujarat,West,2024-02-20
C00086,Rohan Verma,Male,27,Consumer,Surat,Gujarat,West,2024-03-23
C00087,Arjun Jain,Male,41,Small Business,Surat,Gujarat,West,2023-02-24
C00088,Neha Bansal,Male,31,Consumer,Bengaluru,Karnataka,South,2022-04-05
C00089,Diya Chaudhary,Male,50,Consumer,Pune,Maharashtra,West,2022-12-04
C00090,Diya Chaudhary,Male,64,Small Business,Jaipur,Rajasthan,North,2022-12-12
C00091,Pooja Jain,Male,47,Corporate,Kochi,Kerala,South,2024-06-18
C00092,Arjun Malhotra,Female,56,Corporate,Hyderabad,Telangana,South,2024-11-09
C00093,Aditya Mishra,Male,55,Corporate,Surat,Gujarat,West,2024-11-13
C00094,Kabir Kapoor,Male,65,Corporate,Jaipur,Rajasthan,North,2022-11-26
C00095,Aarav Mishra,Female,26,Corporate,Guwahati,Assam,East,2022-01-27
C00096,Pooja Verma,Female,29,Consumer,Meerut,Uttar Pradesh,North,2022-12-19
C00097,Simran Bansal,Female,50,Corporate,Kochi,Kerala,South,2022-03-23
C00098,Aarav Bansal,Female,47,Corporate,Chandigarh,Chandigarh,North,2024-05-23
C00099,Ayaan Gupta,Male,20,Consumer,Bengaluru,Karnataka,South,2025-08-04
C00100,Kabir Mehta,Female,43,Small Business,Chennai,Tamil Nadu,South,2022-06-08
C00101,Priya Verma,Female,31,Consumer,Bhubaneswar,Odisha,East,2023-08-27
C00102,Ayaan Kapoor,Female,36,Corporate,Surat,Gujarat,West,2023-08-09
C00103,Aisha Gupta,Female,47,Small Business,Kochi,Kerala,South,2025-12-02
C00104,Neha Singh,Male,23,Small Business,Ahmedabad,Gujarat,West,2022-01-07
C00105,Diya Kapoor,Male,19,Consumer,Ahmedabad,Gujarat,West,2025-09-25
C00106,Aisha Sharma,Male,44,Corporate,Hyderabad,Telangana,South,2026-02-07
C00107,Aarav Mehta,Female,53,Small Business,Patna,Bihar,East,2024-08-31
C00108,Kabir Gupta,Female,29,Consumer,Guwahati,Assam,East,2023-03-05
C00109,Ayaan Kapoor,Male,49,Consumer,Chennai,Tamil Nadu,South,2025-11-02
C00110,Simran Malhotra,Male,32,Corporate,Jaipur,Rajasthan,North,2022-11-13
C00111,Tanya Bansal,Male,58,Corporate,Pune,Maharashtra,West,2022-10-25
C00112,Diya Gupta,Male,35,Consumer,Hyderabad,Telangana,South,2025-09-30
C00113,Rohan Kapoor,Female,28,Corporate,Bhubaneswar,Odisha,East,2025-08-29
C00114,Tanya Kapoor,Female,60,Small Business,Ahmedabad,Gujarat,West,2022-11-30
C00115,Riya Mishra,Male,23,Small Business,Chennai,Tamil Nadu,South,2025-03-07
C00116,Sanya Mishra,Female,23,Consumer,Kochi,Kerala,South,2022-05-30
C00117,Sanya Kumar,Female,44,Consumer,Chennai,Tamil Nadu,South,2024-03-20
C00118,Arjun Singh,Male,66,Corporate,Delhi,Delhi,North,2023-01-29
C00119,Priya Mehta,Female,19,Small Business,Hyderabad,Telangana,South,2023-09-21
C00120,Kavya Mishra,Male,19,Corporate,Mumbai,Maharashtra,West,2022-04-01
C00121,Arjun Mehta,Male,35,Small Business,Surat,Gujarat,West,2025-07-27
C00122,Kavya Verma,Male,30,Consumer,Kochi,Kerala,South,2022-03-27
C00123,Priya Kapoor,Male,43,Corporate,Meerut,Uttar Pradesh,North,2023-06-19
C00124,Aditya Verma,Male,28,Corporate,Ahmedabad,Gujarat,West,2023-12-17
C00125,Kavya Bansal,Female,53,Corporate,Hyderabad,Telangana,South,2024-07-12
C00126,Riya Kapoor,Male,65,Consumer,Ahmedabad,Gujarat,West,2025-09-12
C00127,Aditya Bansal,Male,34,Consumer,Chennai,Tamil Nadu,South,2025-01-16
C00128,Neha Mehta,Male,36,Corporate,Pune,Maharashtra,West,2023-02-20
C00129,Vivaan Chaudhary,Female,59,Consumer,Kolkata,West Bengal,East,2024-02-05
C00130,Diya Gupta,Female,20,Consumer,Chandigarh,Chandigarh,North,2023-06-02
C00131,Pooja Jain,Female,57,Consumer,Chennai,Tamil Nadu,South,2022-09-30
C00132,Aditya Mehta,Male,32,Consumer,Surat,Gujarat,West,2022-09-16
C00133,Arjun Singh,Male,22,Corporate,Bhubaneswar,Odisha,East,2024-09-26
C00134,Riya Verma,Female,43,Small Business,Jaipur,Rajasthan,North,2025-03-09
C00135,Sanya Bansal,Male,56,Corporate,Mumbai,Maharashtra,West,2025-06-20
C00136,Pooja Singh,Female,62,Small Business,Patna,Bihar,East,2022-03-03
C00137,Sanya Verma,Male,47,Corporate,Bhubaneswar,Odisha,East,2025-07-20
C00138,Ananya Bansal,Female,33,Consumer,Pune,Maharashtra,West,2025-04-22
C00139,Neha Jain,Female,68,Small Business,Delhi,Delhi,North,2022-04-19
C00140,Kavya Mehta,Male,31,Corporate,Hyderabad,Telangana,South,2024-08-16
C00141,Ayaan Mehta,Male,36,Corporate,Mumbai,Maharashtra,West,2026-01-21
C00142,Meera Bansal,Male,65,Corporate,Surat,Gujarat,West,2025-07-26
C00143,Meera Kumar,Male,58,Corporate,Surat,Gujarat,West,2022-12-26
C00144,Sanya Mishra,Male,36,Corporate,Chennai,Tamil Nadu,South,2024-08-02
C00145,Aarav Chaudhary,Female,32,Corporate,Chandigarh,Chandigarh,North,2023-04-06
C00146,Vivaan Mishra,Female,20,Consumer,Ahmedabad,Gujarat,West,2022-01-31
C00147,Tanya Kumar,Male,59,Corporate,Jaipur,Rajasthan,North,2025-06-30
C00148,Meera Mishra,Male,51,Small Business,Guwahati,Assam,East,2025-12-27
C00149,Rohan Chaudhary,Female,65,Consumer,Pune,Maharashtra,West,2022-11-12
C00150,Tanya Mishra,Female,45,Small Business,Jaipur,Rajasthan,North,2022-01-23
C00151,Aarav Mehta,Female,67,Corporate,Mumbai,Maharashtra,West,2026-01-20
C00152,Vivaan Bansal,Female,31,Corporate,Chandigarh,Chandigarh,North,2025-11-14
C00153,Kavya Chaudhary,Male,59,Consumer,Bhubaneswar,Odisha,East,2024-01-18
C00154,Aditya Verma,Female,47,Small Business,Chandigarh,Chandigarh,North,2024-07-15
C00155,Rohan Bansal,Male,37,Small Business,Chandigarh,Chandigarh,North,2024-09-03
C00156,Kavya Kapoor,Female,49,Small Business,Ahmedabad,Gujarat,West,2025-12-24
C00157,Rohan Chaudhary,Male,48,Corporate,Chennai,Tamil Nadu,South,2025-09-12
C00158,Ananya Bansal,Male,21,Corporate,Guwahati,Assam,East,2024-11-09
C00159,Riya Chaudhary,Male,23,Consumer,Delhi,Delhi,North,2022-06-09
C00160,Aditya Sharma,Female,34,Small Business,Chennai,Tamil Nadu,South,2022-03-11
C00161,Meera Kumar,Male,40,Consumer,Bengaluru,Karnataka,South,2025-06-08
C00162,Ayaan Singh,Female,42,Small Business,Surat,Gujarat,West,2023-09-23
C00163,Kavya Verma,Female,62,Corporate,Mumbai,Maharashtra,West,2024-12-30
C00164,Priya Bansal,Female,40,Small Business,Guwahati,Assam,East,2024-11-11
C00165,Kabir Kumar,Male,41,Small Business,Mumbai,Maharashtra,West,2022-05-16
C00166,Ananya Sharma,Male,62,Small Business,Ahmedabad,Gujarat,West,2022-08-30
C00167,Aarav Bansal,Female,23,Corporate,Bhubaneswar,Odisha,East,2024-12-08
C00168,Kavya Mehta,Female,56,Small Business,Jaipur,Rajasthan,North,2025-05-12
C00169,Ishaan Chaudhary,Female,47,Consumer,Bengaluru,Karnataka,South,2025-05-11
C00170,Ananya Verma,Male,33,Corporate,Guwahati,Assam,East,2025-01-30
C00171,Riya Jain,Female,25,Consumer,Bhubaneswar,Odisha,East,2022-09-21
C00172,Aditya Malhotra,Male,18,Consumer,Surat,Gujarat,West,2022-12-22
C00173,Meera Verma,Female,19,Corporate,Hyderabad,Telangana,South,2024-05-23
C00174,Meera Sharma,Female,43,Corporate,Hyderabad,Telangana,South,2024-10-27
C00175,Meera Singh,Female,51,Corporate,Bengaluru,Karnataka,South,2024-05-28
C00176,Sanya Sharma,Female,62,Consumer,Jaipur,Rajasthan,North,2023-10-15
C00177,Aisha Jain,Female,68,Corporate,Hyderabad,Telangana,South,2024-12-28
C00178,Aarav Verma,Male,41,Corporate,Bhubaneswar,Odisha,East,2024-12-06
C00179,Pooja Bansal,Female,26,Consumer,Surat,Gujarat,West,2025-08-17
C00180,Tanya Chaudhary,Female,66,Small Business,Surat,Gujarat,West,2023-04-30
C00181,Ayaan Gupta,Male,60,Consumer,Mumbai,Maharashtra,West,2024-06-29
C00182,Ananya Jain,Male,49,Small Business,Meerut,Uttar Pradesh,North,2022-12-19
C00183,Meera Kumar,Female,22,Consumer,Guwahati,Assam,East,2025-06-16
C00184,Aisha Kapoor,Female,68,Consumer,Hyderabad,Telangana,South,2022-11-04
C00185,Ishaan Chaudhary,Male,53,Consumer,Delhi,Delhi,North,2024-10-11
C00186,Kavya Verma,Female,57,Small Business,Meerut,Uttar Pradesh,North,2022-08-29
C00187,Neha Jain,Male,57,Corporate,Chandigarh,Chandigarh,North,2025-12-02
C00188,Riya Jain,Female,22,Small Business,Chandigarh,Chandigarh,North,2022-11-04
C00189,Rohan Mishra,Female,68,Small Business,Hyderabad,Telangana,South,2022-12-01
C00190,Ayaan Verma,Female,58,Small Business,Pune,Maharashtra,West,2023-10-28
C00191,Ananya Malhotra,Female,42,Small Business,Patna,Bihar,East,2025-07-22
C00192,Neha Malhotra,Female,26,Consumer,Pune,Maharashtra,West,2023-09-26
C00193,Riya Kapoor,Male,25,Small Business,Bengaluru,Karnataka,South,2024-12-14
C00194,Diya Mishra,Male,29,Small Business,Pune,Maharashtra,West,2025-07-13
C00195,Arjun Gupta,Male,39,Consumer,Kolkata,West Bengal,East,2025-03-30
C00196,Rohan Verma,Female,48,Small Business,Chennai,Tamil Nadu,South,2025-05-29
C00197,Aarav Sharma,Female,26,Consumer,Guwahati,Assam,East,2025-11-21
C00198,Ishaan Jain,Male,67,Corporate,Jaipur,Rajasthan,North,2024-12-05
C00199,Diya Singh,Female,35,Consumer,Bengaluru,Karnataka,South,2025-02-06
C00200,Aditya Gupta,Female,26,Consumer,Delhi,Delhi,North,2023-11-10
C00201,Simran Verma,Male,56,Consumer,Pune,Maharashtra,West,2024-04-12
C00202,Sanya Mehta,Female,46,Small Business,Meerut,Uttar Pradesh,North,2025-10-30
C00203,Ayaan Mehta,Male,49,Small Business,Surat,Gujarat,West,2024-05-20
C00204,Kabir Mehta,Male,51,Consumer,Guwahati,Assam,East,2024-04-09
C00205,Rohan Verma,Male,34,Corporate,Hyderabad,Telangana,South,2024-01-19
C00206,Ishaan Bansal,Female,48,Consumer,Bengaluru,Karnataka,South,2022-12-07
C00207,Rohan Bansal,Male,25,Small Business,Guwahati,Assam,East,2025-04-08
C00208,Neha Mishra,Male,68,Consumer,Kochi,Kerala,South,2025-07-28
C00209,Neha Chaudhary,Female,48,Small Business,Jaipur,Rajasthan,North,2025-10-16
C00210,Kavya Sharma,Female,32,Corporate,Ahmedabad,Gujarat,West,2023-01-10
C00211,Kabir Mishra,Female,65,Corporate,Pune,Maharashtra,West,2023-09-05
C00212,Ayaan Gupta,Male,35,Small Business,Meerut,Uttar Pradesh,North,2025-03-20
C00213,Aarav Jain,Male,65,Consumer,Mumbai,Maharashtra,West,2022-04-17
C00214,Simran Chaudhary,Female,49,Small Business,Patna,Bihar,East,2023-12-01
C00215,Priya Verma,Male,60,Small Business,Patna,Bihar,East,2025-02-09
C00216,Vivaan Bansal,Male,53,Consumer,Mumbai,Maharashtra,West,2025-09-07
C00217,Ishaan Verma,Male,62,Corporate,Patna,Bihar,East,2025-08-28
C00218,Neha Kapoor,Male,55,Consumer,Bhubaneswar,Odisha,East,2025-11-29
C00219,Diya Kapoor,Female,38,Consumer,Chennai,Tamil Nadu,South,2023-08-09
C00220,Diya Verma,Female,18,Corporate,Chandigarh,Chandigarh,North,2024-05-07
C00221,Aarav Mehta,Female,22,Consumer,Surat,Gujarat,West,2022-06-04
C00222,Arjun Malhotra,Female,48,Consumer,Ahmedabad,Gujarat,West,2024-12-26
C00223,Tanya Mishra,Female,21,Corporate,Pune,Maharashtra,West,2023-05-10
C00224,Kabir Sharma,Female,40,Consumer,Hyderabad,Telangana,South,2025-12-02
C00225,Aditya Gupta,Male,51,Small Business,Ahmedabad,Gujarat,West,2022-06-13
C00226,Neha Gupta,Male,28,Consumer,Jaipur,Rajasthan,North,2024-03-03
C00227,Pooja Chaudhary,Female,22,Consumer,Guwahati,Assam,East,2022-05-20
C00228,Meera Malhotra,Female,53,Small Business,Meerut,Uttar Pradesh,North,2024-02-26
C00229,Ananya Mishra,Male,33,Consumer,Kolkata,West Bengal,East,2024-11-12
C00230,Rohan Kapoor,Female,44,Consumer,Chandigarh,Chandigarh,North,2024-01-14
C00231,Simran Gupta,Female,19,Small Business,Kolkata,West Bengal,East,2025-09-18
C00232,Ananya Mishra,Female,49,Consumer,Jaipur,Rajasthan,North,2025-03-22
C00233,Aditya Malhotra,Female,56,Corporate,Bhubaneswar,Odisha,East,2024-05-03
C00234,Ishaan Singh,Female,34,Consumer,Meerut,Uttar Pradesh,North,2022-08-16
C00235,Priya Singh,Male,28,Corporate,Kolkata,West Bengal,East,2023-10-05
C00236,Diya Kumar,Female,32,Corporate,Surat,Gujarat,West,2024-05-16
C00237,Aditya Mishra,Female,24,Corporate,Bengaluru,Karnataka,South,2024-06-05
C00238,Aarav Malhotra,Male,62,Corporate,Meerut,Uttar Pradesh,North,2025-02-14
C00239,Aarav Bansal,Male,24,Corporate,Patna,Bihar,East,2024-04-16
C00240,Sanya Gupta,Male,33,Consumer,Pune,Maharashtra,West,2024-06-07
C00241,Meera Gupta,Male,37,Small Business,Ahmedabad,Gujarat,West,2023-04-09
C00242,Meera Kapoor,Female,39,Small Business,Chennai,Tamil Nadu,South,2024-12-05
C00243,Sanya Mishra,Male,46,Corporate,Mumbai,Maharashtra,West,2025-07-22
C00244,Aisha Bansal,Female,61,Consumer,Kochi,Kerala,South,2022-11-08
C00245,Aisha Verma,Female,27,Small Business,Guwahati,Assam,East,2022-10-21
C00246,Pooja Mishra,Female,26,Consumer,Surat,Gujarat,West,2025-02-08
C00247,Sanya Mishra,Male,61,Consumer,Chandigarh,Chandigarh,North,2023-07-11
C00248,Aarav Verma,Female,67,Small Business,Meerut,Uttar Pradesh,North,2025-12-08
C00249,Ayaan Kumar,Male,49,Small Business,Mumbai,Maharashtra,West,2023-01-25
C00250,Ananya Gupta,Female,54,Corporate,Meerut,Uttar Pradesh,North,2022-03-01
C00251,Priya Chaudhary,Male,32,Small Business,Bengaluru,Karnataka,South,2023-06-02
C00252,Riya Chaudhary,Male,20,Consumer,Patna,Bihar,East,2023-02-10
C00253,Pooja Singh,Male,60,Consumer,Kochi,Kerala,South,2022-04-30
C00254,Diya Singh,Female,42,Consumer,Guwahati,Assam,East,2024-08-04
C00255,Diya Jain,Female,68,Small Business,Jaipur,Rajasthan,North,2022-01-28
C00256,Aisha Verma,Male,39,Small Business,Meerut,Uttar Pradesh,North,2025-08-02
C00257,Vivaan Singh,Male,31,Consumer,Chennai,Tamil Nadu,South,2025-04-12
C00258,Aarav Jain,Female,35,Corporate,Chandigarh,Chandigarh,North,2022-05-03
C00259,Aisha Kapoor,Female,52,Consumer,Jaipur,Rajasthan,North,2022-07-02
C00260,Aditya Gupta,Female,38,Small Business,Hyderabad,Telangana,South,2022-05-28
C00261,Kabir Verma,Male,28,Consumer,Pune,Maharashtra,West,2022-06-03
C00262,Pooja Bansal,Male,67,Corporate,Chennai,Tamil Nadu,South,2022-08-25
C00263,Kavya Chaudhary,Male,22,Consumer,Pune,Maharashtra,West,2024-12-06
C00264,Rohan Kapoor,Male,59,Corporate,Hyderabad,Telangana,South,2025-04-07
C00265,Neha Malhotra,Female,34,Corporate,Surat,Gujarat,West,2024-01-22
C00266,Kavya Kumar,Male,38,Consumer,Hyderabad,Telangana,South,2022-11-15
C00267,Diya Kapoor,Male,33,Small Business,Meerut,Uttar Pradesh,North,2024-12-07
C00268,Diya Singh,Female,51,Corporate,Hyderabad,Telangana,South,2025-01-30
C00269,Arjun Verma,Female,55,Small Business,Kolkata,West Bengal,East,2024-09-24
C00270,Aditya Malhotra,Female,37,Consumer,Jaipur,Rajasthan,North,2024-04-06
C00271,Neha Mehta,Female,45,Consumer,Bhubaneswar,Odisha,East,2022-10-15
C00272,Arjun Singh,Male,29,Consumer,Surat,Gujarat,West,2022-04-03
C00273,Meera Bansal,Male,52,Consumer,Guwahati,Assam,East,2023-10-02
C00274,Arjun Kumar,Female,49,Small Business,Surat,Gujarat,West,2024-07-21
C00275,Priya Jain,Male,24,Consumer,Ahmedabad,Gujarat,West,2025-01-27
C00276,Kavya Mishra,Male,38,Corporate,Surat,Gujarat,West,2024-08-13
C00277,Aditya Mehta,Male,34,Consumer,Guwahati,Assam,East,2025-08-20
C00278,Ananya Jain,Female,51,Small Business,Pune,Maharashtra,West,2023-12-30
C00279,Arjun Singh,Female,21,Corporate,Jaipur,Rajasthan,North,2022-08-31
C00280,Meera Verma,Male,29,Small Business,Ahmedabad,Gujarat,West,2023-04-04
C00281,Ishaan Verma,Female,56,Consumer,Hyderabad,Telangana,South,2024-02-24
C00282,Diya Kapoor,Male,39,Consumer,Hyderabad,Telangana,South,2025-01-26
C00283,Meera Kumar,Male,32,Small Business,Chennai,Tamil Nadu,South,2025-06-20
C00284,Kabir Malhotra,Female,67,Consumer,Patna,Bihar,East,2023-04-24
C00285,Diya Gupta,Female,52,Corporate,Chennai,Tamil Nadu,South,2024-01-25
C00286,Riya Bansal,Male,21,Small Business,Kochi,Kerala,South,2024-05-17
C00287,Vivaan Singh,Female,56,Corporate,Surat,Gujarat,West,2022-03-18
C00288,Tanya Gupta,Male,57,Corporate,Bhubaneswar,Odisha,East,2025-07-12
C00289,Priya Bansal,Male,59,Consumer,Surat,Gujarat,West,2022-05-14
C00290,Kabir Malhotra,Male,48,Small Business,Meerut,Uttar Pradesh,North,2022-11-13
C00291,Diya Kumar,Female,57,Corporate,Bengaluru,Karnataka,South,2022-04-03
C00292,Diya Bansal,Female,59,Small Business,Delhi,Delhi,North,2024-06-13
C00293,Diya Chaudhary,Female,37,Consumer,Bengaluru,Karnataka,South,2023-09-05
C00294,Priya Singh,Female,22,Small Business,Chandigarh,Chandigarh,North,2022-04-15
C00295,Simran Verma,Male,43,Consumer,Patna,Bihar,East,2022-10-12
C00296,Aisha Bansal,Female,38,Consumer,Guwahati,Assam,East,2022-11-10
C00297,Kabir Mehta,Male,25,Corporate,Hyderabad,Telangana,South,2022-02-08
C00298,Ishaan Jain,Female,40,Consumer,Pune,Maharashtra,West,2025-08-31
C00299,Ayaan Malhotra,Female,44,Small Business,Kolkata,West Bengal,East,2025-12-09
C00300,Pooja Kapoor,Male,34,Corporate,Kochi,Kerala,South,2022-10-26
C00301,Arjun Kumar,Female,38,Small Business,Meerut,Uttar Pradesh,North,2022-05-08
C00302,Diya Mishra,Male,52,Small Business,Ahmedabad,Gujarat,West,2025-11-13
C00303,Simran Kumar,Male,31,Small Business,Hyderabad,Telangana,South,2022-07-23
C00304,Vivaan Jain,Female,54,Consumer,Jaipur,Rajasthan,North,2025-03-02
C00305,Pooja Bansal,Female,53,Small Business,Ahmedabad,Gujarat,West,2023-01-13
C00306,Pooja Bansal,Male,25,Corporate,Chandigarh,Chandigarh,North,2023-11-18
C00307,Ayaan Mishra,Male,54,Corporate,Pune,Maharashtra,West,2024-05-13
C00308,Ananya Kumar,Female,56,Small Business,Mumbai,Maharashtra,West,2024-03-08
C00309,Riya Mishra,Female,44,Consumer,Meerut,Uttar Pradesh,North,2025-02-18
C00310,Meera Mishra,Female,51,Consumer,Patna,Bihar,East,2025-01-07
C00311,Aditya Kumar,Female,65,Small Business,Bengaluru,Karnataka,South,2024-06-14
C00312,Aarav Jain,Female,24,Small Business,Meerut,Uttar Pradesh,North,2022-08-27
C00313,Priya Kumar,Male,55,Consumer,Chennai,Tamil Nadu,South,2022-04-16
C00314,Ishaan Singh,Male,29,Small Business,Hyderabad,Telangana,South,2022-06-30
C00315,Kavya Jain,Female,49,Corporate,Jaipur,Rajasthan,North,2024-09-08
C00316,Tanya Chaudhary,Female,32,Corporate,Chandigarh,Chandigarh,North,2023-09-20
C00317,Sanya Mishra,Male,39,Small Business,Kochi,Kerala,South,2024-10-18
C00318,Pooja Jain,Female,53,Small Business,Chandigarh,Chandigarh,North,2023-05-05
C00319,Tanya Kumar,Male,68,Small Business,Guwahati,Assam,East,2025-06-27
C00320,Rohan Mishra,Female,53,Corporate,Mumbai,Maharashtra,West,2022-06-30
C00321,Ananya Kapoor,Female,53,Small Business,Chennai,Tamil Nadu,South,2022-09-30
C00322,Riya Mishra,Female,44,Corporate,Chennai,Tamil Nadu,South,2024-02-07
C00323,Priya Gupta,Female,19,Consumer,Mumbai,Maharashtra,West,2022-05-01
C00324,Priya Singh,Female,39,Corporate,Surat,Gujarat,West,2022-04-17
C00325,Arjun Gupta,Male,63,Small Business,Chennai,Tamil Nadu,South,2023-09-23
C00326,Kabir Jain,Female,29,Small Business,Delhi,Delhi,North,2024-09-29
C00327,Simran Mishra,Male,23,Small Business,Ahmedabad,Gujarat,West,2022-11-17
C00328,Meera Kapoor,Female,24,Consumer,Ahmedabad,Gujarat,West,2024-12-01
C00329,Rohan Bansal,Male,53,Small Business,Chennai,Tamil Nadu,South,2025-02-21
C00330,Vivaan Malhotra,Female,30,Consumer,Mumbai,Maharashtra,West,2023-07-05
C00331,Sanya Singh,Female,38,Consumer,Ahmedabad,Gujarat,West,2024-03-11
C00332,Kavya Bansal,Male,24,Consumer,Mumbai,Maharashtra,West,2024-06-29
C00333,Aditya Sharma,Female,52,Small Business,Kolkata,West Bengal,East,2025-01-25
C00334,Diya Mehta,Male,27,Corporate,Patna,Bihar,East,2023-08-25
C00335,Pooja Gupta,Male,66,Small Business,Jaipur,Rajasthan,North,2023-11-23
C00336,Aditya Malhotra,Male,66,Consumer,Mumbai,Maharashtra,West,2023-09-13
C00337,Aditya Gupta,Male,29,Small Business,Jaipur,Rajasthan,North,2023-06-25
C00338,Aditya Kapoor,Male,66,Consumer,Patna,Bihar,East,2023-04-24
C00339,Riya Sharma,Female,67,Corporate,Bengaluru,Karnataka,South,2022-09-15
C00340,Rohan Verma,Female,53,Consumer,Kolkata,West Bengal,East,2025-09-27
C00341,Simran Mishra,Male,41,Small Business,Delhi,Delhi,North,2024-10-15
C00342,Ananya Gupta,Male,50,Consumer,Hyderabad,Telangana,South,2025-07-23
C00343,Kavya Singh,Female,39,Small Business,Delhi,Delhi,North,2023-11-08
C00344,Ayaan Gupta,Male,51,Small Business,Meerut,Uttar Pradesh,North,2025-11-19
C00345,Pooja Mehta,Female,45,Small Business,Hyderabad,Telangana,South,2023-09-24
C00346,Neha Mehta,Female,44,Consumer,Meerut,Uttar Pradesh,North,2025-02-17
C00347,Rohan Sharma,Male,20,Consumer,Chennai,Tamil Nadu,South,2022-07-02
C00348,Diya Jain,Female,42,Small Business,Bhubaneswar,Odisha,East,2024-09-22
C00349,Pooja Bansal,Female,27,Small Business,Delhi,Delhi,North,2024-06-05
C00350,Priya Singh,Male,34,Small Business,Kolkata,West Bengal,East,2023-03-22
C00351,Neha Chaudhary,Female,62,Consumer,Hyderabad,Telangana,South,2025-02-03
C00352,Kabir Mehta,Male,35,Small Business,Delhi,Delhi,North,2022-06-02
C00353,Aditya Kumar,Male,59,Consumer,Ahmedabad,Gujarat,West,2025-06-24
C00354,Aarav Kapoor,Female,43,Consumer,Patna,Bihar,East,2023-09-21
C00355,Aisha Mishra,Male,43,Consumer,Surat,Gujarat,West,2023-06-18
C00356,Rohan Mishra,Female,37,Small Business,Mumbai,Maharashtra,West,2022-01-12
C00357,Kabir Singh,Male,18,Consumer,Bengaluru,Karnataka,South,2025-06-24
C00358,Ayaan Kapoor,Male,22,Corporate,Bhubaneswar,Odisha,East,2024-06-23
C00359,Simran Singh,Female,59,Corporate,Bhubaneswar,Odisha,East,2024-02-06
C00360,Diya Mishra,Female,29,Consumer,Patna,Bihar,East,2026-01-14
C00361,Vivaan Mehta,Female,31,Corporate,Kochi,Kerala,South,2024-05-15
C00362,Priya Gupta,Female,62,Consumer,Guwahati,Assam,East,2022-03-09
C00363,Tanya Kapoor,Male,52,Small Business,Ahmedabad,Gujarat,West,2022-03-13
C00364,Simran Sharma,Male,40,Small Business,Chennai,Tamil Nadu,South,2022-06-19
C00365,Simran Sharma,Male,32,Consumer,Pune,Maharashtra,West,2025-11-30
C00366,Riya Chaudhary,Female,59,Consumer,Delhi,Delhi,North,2026-01-21
C00367,Meera Singh,Male,24,Consumer,Kochi,Kerala,South,2023-07-16
C00368,Ayaan Kapoor,Female,62,Corporate,Hyderabad,Telangana,South,2025-07-24
C00369,Vivaan Singh,Male,55,Consumer,Kolkata,West Bengal,East,2025-09-20
C00370,Simran Kumar,Male,41,Corporate,Delhi,Delhi,North,2025-06-12
C00371,Priya Jain,Male,44,Corporate,Pune,Maharashtra,West,2024-09-14
C00372,Arjun Kumar,Female,41,Corporate,Patna,Bihar,East,2024-03-17
C00373,Aarav Kumar,Female,26,Corporate,Kolkata,West Bengal,East,2023-01-16
C00374,Vivaan Singh,Male,25,Small Business,Chandigarh,Chandigarh,North,2025-07-27
C00375,Sanya Gupta,Male,30,Consumer,Ahmedabad,Gujarat,West,2024-10-26
C00376,Aarav Chaudhary,Male,23,Corporate,Guwahati,Assam,East,2024-05-18
C00377,Tanya Chaudhary,Female,53,Corporate,Chandigarh,Chandigarh,North,2025-03-18
C00378,Kavya Malhotra,Male,35,Corporate,Chandigarh,Chandigarh,North,2024-08-21
C00379,Ishaan Chaudhary,Male,53,Corporate,Chennai,Tamil Nadu,South,2024-11-05
C00380,Meera Kapoor,Male,54,Consumer,Ahmedabad,Gujarat,West,2025-12-11
C00381,Rohan Sharma,Female,60,Small Business,Hyderabad,Telangana,South,2024-08-05
C00382,Ayaan Singh,Male,32,Corporate,Ahmedabad,Gujarat,West,2023-04-23
C00383,Sanya Verma,Male,33,Small Business,Bengaluru,Karnataka,South,2025-11-25
C00384,Priya Singh,Male,57,Small Business,Meerut,Uttar Pradesh,North,2023-05-05
C00385,Pooja Mehta,Female,66,Small Business,Meerut,Uttar Pradesh,North,2024-02-22
C00386,Diya Singh,Male,52,Corporate,Delhi,Delhi,North,2024-10-28
C00387,Kabir Malhotra,Female,42,Small Business,Delhi,Delhi,North,2022-11-24
C00388,Sanya Verma,Female,35,Consumer,Delhi,Delhi,North,2022-02-01
C00389,Diya Kumar,Female,23,Consumer,Patna,Bihar,East,2022-09-01
C00390,Ishaan Mishra,Male,33,Corporate,Bhubaneswar,Odisha,East,2024-08-28
C00391,Ishaan Kapoor,Male,42,Corporate,Meerut,Uttar Pradesh,North,2023-03-02
C00392,Diya Mishra,Male,46,Consumer,Kolkata,West Bengal,East,2025-02-13
C00393,Aditya Verma,Female,22,Small Business,Bengaluru,Karnataka,South,2024-05-09
C00394,Arjun Gupta,Male,49,Small Business,Meerut,Uttar Pradesh,North,2022-08-01
C00395,Rohan Gupta,Female,59,Small Business,Ahmedabad,Gujarat,West,2023-10-05
C00396,Tanya Chaudhary,Female,40,Corporate,Kolkata,West Bengal,East,2026-01-28
C00397,Aisha Gupta,Female,20,Consumer,Meerut,Uttar Pradesh,North,2022-03-22
C00398,Ananya Malhotra,Male,34,Small Business,Patna,Bihar,East,2024-07-06
C00399,Diya Chaudhary,Male,28,Consumer,Chandigarh,Chandigarh,North,2022-04-06
C00400,Kavya Verma,Male,67,Corporate,Kolkata,West Bengal,East,2024-06-19
C00401,Riya Kumar,Female,37,Corporate,Mumbai,Maharashtra,West,2023-10-14
C00402,Sanya Chaudhary,Male,28,Consumer,Bhubaneswar,Odisha,East,2022-06-21
C00403,Aarav Mishra,Female,60,Small Business,Hyderabad,Telangana,South,2025-12-14
C00404,Meera Kapoor,Female,56,Corporate,Ahmedabad,Gujarat,West,2025-12-09
C00405,Ananya Jain,Female,49,Corporate,Kolkata,West Bengal,East,2025-09-29
C00406,Kabir Mishra,Male,48,Consumer,Pune,Maharashtra,West,2025-05-05
C00407,Aarav Sharma,Female,68,Small Business,Guwahati,Assam,East,2023-02-12
C00408,Priya Mishra,Female,20,Small Business,Pune,Maharashtra,West,2023-02-05
C00409,Simran Kapoor,Male,52,Consumer,Chennai,Tamil Nadu,South,2023-12-06
C00410,Rohan Bansal,Male,57,Consumer,Delhi,Delhi,North,2022-06-03
C00411,Simran Bansal,Male,65,Small Business,Kochi,Kerala,South,2022-04-01
C00412,Kabir Mehta,Male,52,Small Business,Pune,Maharashtra,West,2022-11-19
C00413,Neha Mehta,Female,27,Small Business,Kolkata,West Bengal,East,2025-09-07
C00414,Kabir Verma,Female,65,Small Business,Bengaluru,Karnataka,South,2023-02-04
C00415,Diya Mishra,Female,32,Consumer,Kochi,Kerala,South,2023-07-14
C00416,Riya Singh,Male,26,Consumer,Meerut,Uttar Pradesh,North,2025-03-24
C00417,Diya Kapoor,Female,24,Consumer,Kochi,Kerala,South,2023-08-18
C00418,Riya Kapoor,Female,42,Corporate,Bengaluru,Karnataka,South,2022-06-18
C00419,Tanya Singh,Male,27,Consumer,Mumbai,Maharashtra,West,2022-12-14
C00420,Ayaan Kumar,Female,32,Consumer,Patna,Bihar,East,2023-05-31
C00421,Priya Singh,Female,49,Consumer,Hyderabad,Telangana,South,2022-12-31
C00422,Tanya Singh,Male,48,Consumer,Ahmedabad,Gujarat,West,2025-10-11
C00423,Aisha Mishra,Female,64,Corporate,Chandigarh,Chandigarh,North,2022-11-22
C00424,Ishaan Verma,Female,31,Small Business,Chandigarh,Chandigarh,North,2025-02-27
C00425,Rohan Gupta,Female,62,Corporate,Bengaluru,Karnataka,South,2023-12-14
C00426,Ayaan Malhotra,Female,27,Corporate,Bengaluru,Karnataka,South,2025-08-13
C00427,Tanya Verma,Female,49,Small Business,Hyderabad,Telangana,South,2022-03-09
C00428,Ayaan Mishra,Male,37,Consumer,Kochi,Kerala,South,2022-02-22
C00429,Aisha Sharma,Male,66,Consumer,Bengaluru,Karnataka,South,2024-12-29
C00430,Meera Mishra,Female,27,Small Business,Meerut,Uttar Pradesh,North,2022-04-07
C00431,Ayaan Verma,Female,65,Corporate,Guwahati,Assam,East,2026-01-08
C00432,Pooja Verma,Female,27,Consumer,Bhubaneswar,Odisha,East,2025-04-11
C00433,Simran Gupta,Female,45,Corporate,Pune,Maharashtra,West,2022-07-29
C00434,Vivaan Gupta,Female,66,Small Business,Meerut,Uttar Pradesh,North,2023-06-03
C00435,Sanya Sharma,Female,60,Corporate,Surat,Gujarat,West,2025-04-16
C00436,Kabir Gupta,Female,50,Small Business,Ahmedabad,Gujarat,West,2022-12-18
C00437,Rohan Singh,Female,37,Corporate,Meerut,Uttar Pradesh,North,2025-12-23
C00438,Simran Singh,Male,48,Consumer,Chandigarh,Chandigarh,North,2022-02-04
C00439,Tanya Jain,Female,28,Corporate,Chandigarh,Chandigarh,North,2022-08-13
C00440,Kavya Mehta,Female,43,Corporate,Pune,Maharashtra,West,2023-03-29
C00441,Aarav Malhotra,Female,19,Small Business,Surat,Gujarat,West,2022-12-15
C00442,Neha Jain,Female,49,Small Business,Surat,Gujarat,West,2022-03-18
C00443,Ishaan Gupta,Female,65,Corporate,Ahmedabad,Gujarat,West,2024-04-11
C00444,Neha Singh,Female,42,Consumer,Pune,Maharashtra,West,2023-10-26
C00445,Ananya Sharma,Female,40,Small Business,Chandigarh,Chandigarh,North,2022-10-05
C00446,Riya Jain,Male,52,Consumer,Pune,Maharashtra,West,2022-03-03
C00447,Kavya Kapoor,Female,65,Small Business,Patna,Bihar,East,2023-04-28
C00448,Meera Jain,Male,44,Consumer,Guwahati,Assam,East,2024-04-26
C00449,Kavya Verma,Male,46,Small Business,Patna,Bihar,East,2024-08-15
C00450,Aarav Verma,Female,35,Consumer,Chandigarh,Chandigarh,North,2022-04-06
C00451,Diya Jain,Female,47,Corporate,Bhubaneswar,Odisha,East,2024-10-05
C00452,Simran Malhotra,Male,57,Consumer,Pune,Maharashtra,West,2024-08-30
C00453,Pooja Kapoor,Male,68,Consumer,Meerut,Uttar Pradesh,North,2023-11-09
C00454,Diya Kapoor,Male,47,Corporate,Bhubaneswar,Odisha,East,2025-12-04
C00455,Kavya Sharma,Female,44,Corporate,Surat,Gujarat,West,2025-03-30
C00456,Rohan Chaudhary,Male,54,Consumer,Kochi,Kerala,South,2025-04-06
C00457,Rohan Mehta,Male,36,Small Business,Chennai,Tamil Nadu,South,2023-09-12
C00458,Neha Jain,Male,42,Corporate,Kochi,Kerala,South,2024-02-01
C00459,Ayaan Mehta,Male,46,Corporate,Kochi,Kerala,South,2025-04-21
C00460,Arjun Kapoor,Male,42,Corporate,Bengaluru,Karnataka,South,2025-05-14
C00461,Riya Malhotra,Male,36,Small Business,Delhi,Delhi,North,2024-03-13
C00462,Kavya Verma,Male,53,Small Business,Surat,Gujarat,West,2024-06-22
C00463,Tanya Chaudhary,Male,21,Consumer,Ahmedabad,Gujarat,West,2023-10-14
C00464,Ananya Mishra,Male,26,Small Business,Ahmedabad,Gujarat,West,2023-06-06
C00465,Kabir Sharma,Female,26,Consumer,Chennai,Tamil Nadu,South,2024-11-06
C00466,Ayaan Chaudhary,Female,25,Corporate,Guwahati,Assam,East,2025-11-07
C00467,Aisha Jain,Female,45,Consumer,Surat,Gujarat,West,2025-06-03
C00468,Rohan Sharma,Male,58,Small Business,Delhi,Delhi,North,2024-05-09
C00469,Priya Jain,Female,22,Small Business,Guwahati,Assam,East,2024-05-26
C00470,Ishaan Bansal,Female,33,Small Business,Surat,Gujarat,West,2024-09-07
C00471,Ayaan Bansal,Female,58,Small Business,Surat,Gujarat,West,2023-12-17
C00472,Kabir Kumar,Female,45,Corporate,Pune,Maharashtra,West,2024-08-13
C00473,Priya Chaudhary,Male,55,Corporate,Bengaluru,Karnataka,South,2023-12-06
C00474,Neha Jain,Male,35,Corporate,Pune,Maharashtra,West,2022-03-02
C00475,Kavya Gupta,Male,67,Corporate,Bhubaneswar,Odisha,East,2026-01-05
C00476,Rohan Jain,Female,26,Corporate,Kolkata,West Bengal,East,2022-09-29
C00477,Aisha Jain,Female,55,Corporate,Guwahati,Assam,East,2023-03-29
C00478,Aarav Singh,Male,48,Corporate,Surat,Gujarat,West,2022-06-15
C00479,Neha Malhotra,Female,59,Consumer,Jaipur,Rajasthan,North,2023-07-17
C00480,Riya Kapoor,Male,29,Corporate,Chandigarh,Chandigarh,North,2022-02-24
C00481,Aisha Bansal,Female,34,Consumer,Kochi,Kerala,South,2023-03-28
C00482,Simran Kapoor,Female,54,Consumer,Kochi,Kerala,South,2023-01-26
C00483,Priya Jain,Male,66,Consumer,Jaipur,Rajasthan,North,2025-02-20
C00484,Ishaan Gupta,Female,53,Consumer,Pune,Maharashtra,West,2025-07-30
C00485,Arjun Gupta,Female,64,Small Business,Kochi,Kerala,South,2026-01-09
C00486,Riya Jain,Female,61,Small Business,Jaipur,Rajasthan,North,2022-07-02
C00487,Priya Gupta,Male,45,Small Business,Kolkata,West Bengal,East,2025-03-28
C00488,Diya Kumar,Female,56,Consumer,Bengaluru,Karnataka,South,2023-09-17
C00489,Kavya Jain,Female,54,Corporate,Kolkata,West Bengal,East,2025-08-07
C00490,Rohan Sharma,Female,19,Small Business,Guwahati,Assam,East,2022-02-11
C00491,Ananya Bansal,Female,21,Small Business,Ahmedabad,Gujarat,West,2022-09-08
C00492,Vivaan Jain,Female,53,Consumer,Guwahati,Assam,East,2024-02-14
C00493,Sanya Verma,Male,36,Consumer,Pune,Maharashtra,West,2023-12-28
C00494,Sanya Verma,Female,62,Small Business,Mumbai,Maharashtra,West,2024-08-04
C00495,Ishaan Malhotra,Male,64,Corporate,Jaipur,Rajasthan,North,2023-08-20
C00496,Ananya Kapoor,Female,23,Consumer,Pune,Maharashtra,West,2022-04-02
C00497,Kavya Jain,Male,60,Corporate,Ahmedabad,Gujarat,West,2023-02-16
C00498,Vivaan Gupta,Female,41,Small Business,Patna,Bihar,East,2022-03-31
C00499,Meera Malhotra,Female,65,Consumer,Surat,Gujarat,West,2024-12-06
C00500,Riya Singh,Male,47,Corporate,Kolkata,West Bengal,East,2023-10-11
C00501,Simran Malhotra,Male,26,Small Business,Delhi,Delhi,North,2022-11-23
C00502,Kavya Mishra,Male,51,Consumer,Mumbai,Maharashtra,West,2024-05-24
C00503,Meera Sharma,Female,30,Corporate,Mumbai,Maharashtra,West,2022-07-01
C00504,Ishaan Jain,Female,30,Small Business,Ahmedabad,Gujarat,West,2024-05-07
C00505,Meera Gupta,Female,37,Small Business,Pune,Maharashtra,West,2025-10-07
C00506,Rohan Bansal,Female,61,Corporate,Ahmedabad,Gujarat,West,2023-08-25
C00507,Ayaan Malhotra,Male,39,Corporate,Delhi,Delhi,North,2024-09-06
C00508,Riya Gupta,Female,29,Corporate,Pune,Maharashtra,West,2023-11-04
C00509,Ishaan Kumar,Male,52,Small Business,Hyderabad,Telangana,South,2023-08-07
C00510,Pooja Jain,Female,31,Small Business,Delhi,Delhi,North,2024-02-10
C00511,Rohan Mishra,Male,49,Small Business,Chennai,Tamil Nadu,South,2025-01-29
C00512,Pooja Verma,Male,37,Small Business,Meerut,Uttar Pradesh,North,2024-09-14
C00513,Kabir Jain,Female,43,Small Business,Surat,Gujarat,West,2022-05-24
C00514,Pooja Jain,Male,57,Small Business,Pune,Maharashtra,West,2025-12-01
C00515,Aisha Jain,Female,38,Small Business,Hyderabad,Telangana,South,2022-01-06
C00516,Simran Mishra,Male,56,Consumer,Chandigarh,Chandigarh,North,2022-03-12
C00517,Ishaan Chaudhary,Male,55,Small Business,Chandigarh,Chandigarh,North,2024-01-21
C00518,Ishaan Mehta,Male,25,Consumer,Pune,Maharashtra,West,2023-07-14
C00519,Pooja Gupta,Female,56,Small Business,Delhi,Delhi,North,2022-01-04
C00520,Ananya Sharma,Male,52,Small Business,Bengaluru,Karnataka,South,2025-03-06
C00521,Ayaan Gupta,Female,56,Small Business,Surat,Gujarat,West,2025-02-23
C00522,Tanya Verma,Female,65,Consumer,Guwahati,Assam,East,2026-01-12
C00523,Ayaan Jain,Male,23,Corporate,Patna,Bihar,East,2023-08-12
C00524,Ayaan Sharma,Female,39,Small Business,Hyderabad,Telangana,South,2024-03-24
C00525,Diya Verma,Male,32,Consumer,Jaipur,Rajasthan,North,2023-02-13
C00526,Arjun Mehta,Male,54,Corporate,Pune,Maharashtra,West,2022-09-26
C00527,Ananya Kumar,Female,23,Corporate,Pune,Maharashtra,West,2025-08-30
C00528,Ayaan Bansal,Male,48,Small Business,Pune,Maharashtra,West,2023-12-27
C00529,Ayaan Sharma,Female,55,Corporate,Hyderabad,Telangana,South,2025-06-27
C00530,Priya Kapoor,Female,33,Corporate,Meerut,Uttar Pradesh,North,2023-08-11
C00531,Diya Chaudhary,Male,51,Consumer,Patna,Bihar,East,2024-02-17
C00532,Riya Malhotra,Female,36,Small Business,Delhi,Delhi,North,2023-08-15
C00533,Aisha Verma,Male,33,Corporate,Kochi,Kerala,South,2023-07-09
C00534,Rohan Mishra,Male,58,Small Business,Delhi,Delhi,North,2025-09-29
C00535,Pooja Verma,Female,18,Corporate,Chandigarh,Chandigarh,North,2025-01-13
C00536,Kabir Bansal,Female,20,Corporate,Chennai,Tamil Nadu,South,2023-09-30
C00537,Aditya Kapoor,Male,44,Consumer,Jaipur,Rajasthan,North,2022-10-27
C00538,Diya Chaudhary,Female,56,Corporate,Hyderabad,Telangana,South,2024-10-28
C00539,Ananya Verma,Female,45,Corporate,Ahmedabad,Gujarat,West,2025-10-31
C00540,Tanya Kumar,Female,40,Corporate,Guwahati,Assam,East,2022-10-05
C00541,Priya Verma,Male,35,Small Business,Hyderabad,Telangana,South,2022-12-22
C00542,Kavya Chaudhary,Male,44,Consumer,Guwahati,Assam,East,2023-07-11
C00543,Sanya Malhotra,Male,27,Small Business,Chennai,Tamil Nadu,South,2024-03-26
C00544,Kavya Chaudhary,Male,56,Corporate,Bhubaneswar,Odisha,East,2023-05-09
C00545,Neha Verma,Female,41,Corporate,Pune,Maharashtra,West,2022-07-06
C00546,Sanya Mehta,Male,48,Small Business,Hyderabad,Telangana,South,2023-05-16
C00547,Simran Chaudhary,Male,19,Consumer,Bengaluru,Karnataka,South,2023-10-08
C00548,Ayaan Kumar,Female,19,Corporate,Surat,Gujarat,West,2024-10-29
C00549,Rohan Singh,Female,53,Corporate,Jaipur,Rajasthan,North,2024-08-02
C00550,Kavya Chaudhary,Male,43,Corporate,Bhubaneswar,Odisha,East,2023-04-13
C00551,Simran Jain,Male,41,Consumer,Chandigarh,Chandigarh,North,2022-01-26
C00552,Aarav Mehta,Male,68,Corporate,Bhubaneswar,Odisha,East,2023-03-15
C00553,Kabir Chaudhary,Female,58,Consumer,Chandigarh,Chandigarh,North,2022-08-09
C00554,Meera Jain,Female,35,Consumer,Mumbai,Maharashtra,West,2025-05-15
C00555,Ayaan Singh,Female,67,Corporate,Delhi,Delhi,North,2024-02-05
C00556,Ishaan Singh,Female,55,Small Business,Delhi,Delhi,North,2022-09-25
C00557,Riya Sharma,Male,49,Small Business,Surat,Gujarat,West,2022-07-16
C00558,Kavya Mehta,Female,53,Small Business,Meerut,Uttar Pradesh,North,2022-03-09
C00559,Ayaan Verma,Male,45,Small Business,Mumbai,Maharashtra,West,2024-07-30
C00560,Sanya Mishra,Female,28,Corporate,Pune,Maharashtra,West,2022-10-13
C00561,Pooja Jain,Male,48,Corporate,Patna,Bihar,East,2025-01-25
C00562,Vivaan Verma,Male,57,Consumer,Bengaluru,Karnataka,South,2022-10-06
C00563,Rohan Kapoor,Male,38,Small Business,Ahmedabad,Gujarat,West,2025-04-06
C00564,Pooja Gupta,Female,18,Small Business,Patna,Bihar,East,2025-12-18
C00565,Ishaan Kapoor,Male,56,Consumer,Guwahati,Assam,East,2022-10-04
C00566,Ayaan Verma,Female,61,Consumer,Surat,Gujarat,West,2025-09-24
C00567,Priya Sharma,Female,51,Consumer,Chennai,Tamil Nadu,South,2025-06-20
C00568,Aarav Kumar,Female,43,Small Business,Chandigarh,Chandigarh,North,2023-07-29
C00569,Meera Mehta,Female,65,Consumer,Kochi,Kerala,South,2025-04-09
C00570,Simran Chaudhary,Male,53,Corporate,Meerut,Uttar Pradesh,North,2025-09-18
C00571,Rohan Sharma,Female,22,Small Business,Mumbai,Maharashtra,West,2025-04-15
C00572,Ishaan Mishra,Female,51,Small Business,Patna,Bihar,East,2022-12-16
C00573,Vivaan Malhotra,Female,42,Corporate,Bengaluru,Karnataka,South,2022-04-25
C00574,Aditya Mishra,Male,67,Consumer,Chennai,Tamil Nadu,South,2022-06-18
C00575,Simran Kumar,Male,33,Small Business,Mumbai,Maharashtra,West,2025-06-03
C00576,Neha Mishra,Female,66,Small Business,Bengaluru,Karnataka,South,2025-11-23
C00577,Tanya Chaudhary,Female,36,Corporate,Delhi,Delhi,North,2023-04-13
C00578,Ishaan Mishra,Male,57,Corporate,Bhubaneswar,Odisha,East,2022-12-25
C00579,Sanya Chaudhary,Male,44,Consumer,Delhi,Delhi,North,2024-11-06
C00580,Tanya Chaudhary,Female,48,Small Business,Kolkata,West Bengal,East,2022-06-05
C00581,Aisha Mehta,Female,67,Small Business,Kolkata,West Bengal,East,2023-07-31
C00582,Riya Mehta,Female,56,Corporate,Guwahati,Assam,East,2025-05-23
C00583,Aisha Malhotra,Female,35,Corporate,Jaipur,Rajasthan,North,2023-10-25
C00584,Kabir Bansal,Female,53,Consumer,Meerut,Uttar Pradesh,North,2024-01-12
C00585,Riya Mishra,Male,64,Small Business,Jaipur,Rajasthan,North,2023-11-25
C00586,Ayaan Malhotra,Male,41,Corporate,Jaipur,Rajasthan,North,2024-12-14
C00587,Kabir Mishra,Female,55,Consumer,Delhi,Delhi,North,2023-07-18
C00588,Aditya Kapoor,Female,25,Small Business,Hyderabad,Telangana,South,2022-07-01
C00589,Ananya Mehta,Male,64,Small Business,Chandigarh,Chandigarh,North,2022-04-18
C00590,Riya Mehta,Male,61,Corporate,Jaipur,Rajasthan,North,2024-06-20
C00591,Aisha Jain,Male,41,Consumer,Kochi,Kerala,South,2023-10-23
C00592,Diya Mehta,Male,45,Corporate,Kolkata,West Bengal,East,2025-10-09
C00593,Priya Kapoor,Female,57,Small Business,Meerut,Uttar Pradesh,North,2024-04-13
C00594,Arjun Kapoor,Female,40,Consumer,Mumbai,Maharashtra,West,2022-11-27
C00595,Arjun Kumar,Male,59,Corporate,Ahmedabad,Gujarat,West,2022-03-17
C00596,Aarav Gupta,Female,48,Corporate,Jaipur,Rajasthan,North,2024-03-18
C00597,Ishaan Verma,Male,37,Corporate,Bhubaneswar,Odisha,East,2025-08-24
C00598,Ayaan Bansal,Female,49,Consumer,Pune,Maharashtra,West,2025-07-01
C00599,Priya Singh,Female,56,Consumer,Bengaluru,Karnataka,South,2022-07-13
C00600,Aditya Singh,Male,53,Consumer,Kochi,Kerala,South,2023-09-04
C00601,Riya Malhotra,Female,63,Corporate,Meerut,Uttar Pradesh,North,2022-12-11
C00602,Sanya Jain,Female,66,Consumer,Bengaluru,Karnataka,South,2024-11-30
C00603,Kabir Gupta,Female,20,Corporate,Mumbai,Maharashtra,West,2023-12-31
C00604,Rohan Gupta,Male,67,Consumer,Patna,Bihar,East,2023-05-16
C00605,Rohan Kapoor,Male,67,Small Business,Pune,Maharashtra,West,2024-01-20
C00606,Simran Sharma,Male,65,Consumer,Chandigarh,Chandigarh,North,2023-05-06
C00607,Aditya Malhotra,Male,45,Consumer,Chandigarh,Chandigarh,North,2026-01-30
C00608,Kavya Singh,Male,24,Small Business,Meerut,Uttar Pradesh,North,2025-06-07
C00609,Rohan Kumar,Female,50,Corporate,Surat,Gujarat,West,2023-02-24
C00610,Kavya Mishra,Female,67,Small Business,Delhi,Delhi,North,2025-06-05
C00611,Ananya Mishra,Male,50,Corporate,Bhubaneswar,Odisha,East,2023-09-14
C00612,Aisha Bansal,Female,36,Consumer,Jaipur,Rajasthan,North,2023-07-18
C00613,Priya Jain,Male,54,Small Business,Hyderabad,Telangana,South,2023-06-10
C00614,Aarav Singh,Female,21,Consumer,Bhubaneswar,Odisha,East,2023-06-27
C00615,Ayaan Chaudhary,Male,32,Consumer,Bhubaneswar,Odisha,East,2023-08-27
C00616,Sanya Gupta,Female,45,Corporate,Patna,Bihar,East,2024-03-06
C00617,Diya Gupta,Female,58,Corporate,Kolkata,West Bengal,East,2023-05-06
C00618,Riya Chaudhary,Female,38,Small Business,Ahmedabad,Gujarat,West,2025-11-30
C00619,Simran Bansal,Male,32,Consumer,Patna,Bihar,East,2025-07-18
C00620,Kabir Bansal,Female,38,Corporate,Meerut,Uttar Pradesh,North,2022-04-07
C00621,Arjun Mishra,Male,52,Small Business,Surat,Gujarat,West,2023-11-06
C00622,Ananya Kumar,Female,43,Consumer,Surat,Gujarat,West,2025-12-25
C00623,Simran Singh,Male,57,Consumer,Mumbai,Maharashtra,West,2025-06-07
C00624,Aisha Verma,Female,27,Corporate,Bengaluru,Karnataka,South,2025-06-12
C00625,Ishaan Chaudhary,Male,47,Consumer,Patna,Bihar,East,2025-07-23
C00626,Ishaan Gupta,Male,29,Corporate,Bhubaneswar,Odisha,East,2025-10-05
C00627,Tanya Gupta,Female,43,Small Business,Delhi,Delhi,North,2025-12-05
C00628,Aisha Verma,Female,19,Small Business,Mumbai,Maharashtra,West,2025-09-12
C00629,Riya Kumar,Male,30,Consumer,Hyderabad,Telangana,South,2024-04-20
C00630,Aarav Malhotra,Female,57,Consumer,Kolkata,West Bengal,East,2023-05-13
C00631,Ishaan Chaudhary,Female,49,Small Business,Bhubaneswar,Odisha,East,2024-09-28
C00632,Neha Kapoor,Female,31,Consumer,Ahmedabad,Gujarat,West,2023-09-20
C00633,Pooja Kumar,Male,31,Corporate,Mumbai,Maharashtra,West,2023-01-07
C00634,Sanya Bansal,Male,30,Small Business,Delhi,Delhi,North,2025-05-25
C00635,Diya Mehta,Female,31,Small Business,Delhi,Delhi,North,2026-01-15
C00636,Simran Mehta,Female,55,Small Business,Patna,Bihar,East,2025-01-01
C00637,Aarav Kapoor,Female,39,Corporate,Jaipur,Rajasthan,North,2024-12-13
C00638,Pooja Verma,Male,48,Consumer,Patna,Bihar,East,2024-06-18
C00639,Priya Kumar,Female,22,Corporate,Bengaluru,Karnataka,South,2023-04-23
C00640,Aisha Jain,Male,22,Corporate,Meerut,Uttar Pradesh,North,2025-07-07
C00641,Aditya Gupta,Female,37,Consumer,Mumbai,Maharashtra,West,2024-10-09
C00642,Aditya Sharma,Male,27,Consumer,Chennai,Tamil Nadu,South,2024-02-27
C00643,Aisha Chaudhary,Male,26,Corporate,Patna,Bihar,East,2023-07-15
C00644,Meera Verma,Male,44,Corporate,Pune,Maharashtra,West,2024-01-09
C00645,Ananya Kapoor,Male,49,Corporate,Surat,Gujarat,West,2023-07-01
C00646,Ishaan Kapoor,Male,66,Corporate,Bhubaneswar,Odisha,East,2023-12-23
C00647,Aisha Malhotra,Male,64,Consumer,Meerut,Uttar Pradesh,North,2025-06-28
C00648,Aisha Gupta,Male,44,Small Business,Chandigarh,Chandigarh,North,2025-05-20
C00649,Ananya Singh,Male,44,Consumer,Bhubaneswar,Odisha,East,2024-02-26
C00650,Kabir Sharma,Male,31,Corporate,Kolkata,West Bengal,East,2022-08-28
C00651,Kabir Mishra,Female,68,Small Business,Patna,Bihar,East,2022-09-06
C00652,Tanya Verma,Female,20,Small Business,Surat,Gujarat,West,2025-01-02
C00653,Sanya Kapoor,Female,54,Corporate,Bhubaneswar,Odisha,East,2024-02-11
C00654,Simran Gupta,Female,18,Small Business,Bhubaneswar,Odisha,East,2023-10-26
C00655,Simran Bansal,Female,22,Small Business,Bhubaneswar,Odisha,East,2023-02-02
C00656,Simran Gupta,Male,43,Consumer,Chennai,Tamil Nadu,South,2025-08-30
C00657,Arjun Mehta,Female,50,Consumer,Ahmedabad,Gujarat,West,2023-03-09
C00658,Aisha Jain,Male,55,Corporate,Chandigarh,Chandigarh,North,2022-01-09
C00659,Rohan Malhotra,Female,36,Small Business,Chandigarh,Chandigarh,North,2022-05-03
C00660,Simran Jain,Male,48,Consumer,Kochi,Kerala,South,2024-09-11
C00661,Simran Singh,Female,18,Small Business,Bengaluru,Karnataka,South,2025-11-09
C00662,Pooja Kumar,Male,41,Consumer,Bengaluru,Karnataka,South,2025-10-17
C00663,Ishaan Bansal,Female,57,Corporate,Meerut,Uttar Pradesh,North,2022-04-27
C00664,Kavya Gupta,Female,67,Consumer,Delhi,Delhi,North,2025-07-22
C00665,Sanya Sharma,Male,24,Consumer,Patna,Bihar,East,2025-07-09
C00666,Meera Gupta,Female,55,Small Business,Hyderabad,Telangana,South,2022-05-05
C00667,Simran Chaudhary,Female,63,Consumer,Ahmedabad,Gujarat,West,2024-07-07
C00668,Sanya Singh,Female,50,Consumer,Kolkata,West Bengal,East,2023-07-16
C00669,Ananya Kapoor,Female,60,Consumer,Delhi,Delhi,North,2023-03-05
C00670,Priya Verma,Male,41,Corporate,Ahmedabad,Gujarat,West,2023-10-03
C00671,Arjun Chaudhary,Female,64,Small Business,Mumbai,Maharashtra,West,2024-11-18
C00672,Sanya Gupta,Male,25,Consumer,Kochi,Kerala,South,2024-12-08
C00673,Riya Malhotra,Female,51,Small Business,Pune,Maharashtra,West,2025-04-19
C00674,Priya Kumar,Male,26,Consumer,Delhi,Delhi,North,2022-09-11
C00675,Riya Sharma,Male,59,Consumer,Mumbai,Maharashtra,West,2024-02-20
C00676,Rohan Chaudhary,Female,21,Corporate,Ahmedabad,Gujarat,West,2023-01-19
C00677,Priya Gupta,Male,23,Corporate,Pune,Maharashtra,West,2023-10-19
C00678,Riya Chaudhary,Male,57,Consumer,Meerut,Uttar Pradesh,North,2024-07-05
C00679,Ayaan Kumar,Male,24,Small Business,Jaipur,Rajasthan,North,2023-06-10
C00680,Aditya Jain,Male,58,Corporate,Guwahati,Assam,East,2023-10-28
C00681,Tanya Singh,Female,36,Small Business,Kochi,Kerala,South,2024-08-12
C00682,Diya Bansal,Male,49,Small Business,Kolkata,West Bengal,East,2023-09-25
C00683,Priya Mishra,Female,65,Corporate,Kochi,Kerala,South,2024-03-20
C00684,Arjun Kapoor,Male,22,Small Business,Chennai,Tamil Nadu,South,2022-10-15
C00685,Vivaan Mehta,Female,64,Small Business,Meerut,Uttar Pradesh,North,2025-07-04
C00686,Neha Gupta,Female,18,Consumer,Pune,Maharashtra,West,2025-08-21
C00687,Diya Verma,Male,37,Corporate,Chandigarh,Chandigarh,North,2023-03-30
C00688,Neha Verma,Female,51,Consumer,Patna,Bihar,East,2023-08-12
C00689,Meera Verma,Female,28,Corporate,Chandigarh,Chandigarh,North,2023-06-23
C00690,Arjun Chaudhary,Female,52,Small Business,Jaipur,Rajasthan,North,2022-11-08
C00691,Ayaan Chaudhary,Male,38,Consumer,Chennai,Tamil Nadu,South,2025-07-16
C00692,Kavya Malhotra,Female,34,Consumer,Guwahati,Assam,East,2025-11-21
C00693,Vivaan Mishra,Female,40,Consumer,Chandigarh,Chandigarh,North,2022-02-13
C00694,Arjun Sharma,Male,21,Corporate,Kolkata,West Bengal,East,2025-01-25
C00695,Kabir Kapoor,Male,58,Consumer,Kolkata,West Bengal,East,2025-10-17
C00696,Aarav Malhotra,Male,31,Corporate,Delhi,Delhi,North,2024-05-21
C00697,Arjun Mehta,Female,52,Corporate,Delhi,Delhi,North,2022-12-05
C00698,Neha Gupta,Female,26,Consumer,Hyderabad,Telangana,South,2024-07-15
C00699,Kavya Singh,Female,22,Corporate,Bengaluru,Karnataka,South,2024-06-01
C00700,Kabir Malhotra,Male,39,Small Business,Chennai,Tamil Nadu,South,2023-01-28
C00701,Riya Malhotra,Female,50,Small Business,Chandigarh,Chandigarh,North,2024-12-31
C00702,Meera Kapoor,Male,22,Consumer,Ahmedabad,Gujarat,West,2022-06-12
C00703,Ishaan Verma,Male,66,Small Business,Hyderabad,Telangana,South,2022-09-01
C00704,Aditya Mehta,Female,67,Corporate,Jaipur,Rajasthan,North,2025-08-07
C00705,Diya Chaudhary,Male,52,Corporate,Hyderabad,Telangana,South,2022-11-10
C00706,Simran Kumar,Female,28,Consumer,Chandigarh,Chandigarh,North,2025-02-19
C00707,Ananya Kumar,Female,27,Small Business,Chennai,Tamil Nadu,South,2023-06-04
C00708,Diya Bansal,Female,49,Corporate,Kolkata,West Bengal,East,2022-12-07
C00709,Diya Gupta,Male,43,Corporate,Chandigarh,Chandigarh,North,2023-12-29
C00710,Kabir Malhotra,Male,49,Small Business,Bengaluru,Karnataka,South,2025-09-14
C00711,Tanya Bansal,Male,36,Small Business,Chandigarh,Chandigarh,North,2022-06-08
C00712,Kabir Verma,Female,44,Corporate,Surat,Gujarat,West,2023-11-14
C00713,Tanya Jain,Male,30,Small Business,Pune,Maharashtra,West,2024-09-17
C00714,Arjun Malhotra,Female,68,Corporate,Delhi,Delhi,North,2022-06-20
C00715,Simran Kumar,Male,68,Corporate,Bengaluru,Karnataka,South,2024-10-05
C00716,Arjun Mehta,Female,19,Consumer,Chandigarh,Chandigarh,North,2024-05-05
C00717,Aarav Singh,Male,61,Corporate,Bhubaneswar,Odisha,East,2023-03-14
C00718,Kabir Singh,Male,25,Consumer,Surat,Gujarat,West,2023-04-24
C00719,Tanya Kumar,Male,26,Consumer,Meerut,Uttar Pradesh,North,2025-07-02
C00720,Meera Jain,Male,52,Small Business,Ahmedabad,Gujarat,West,2025-01-19
C00721,Kavya Malhotra,Female,35,Corporate,Surat,Gujarat,West,2025-12-01
C00722,Aarav Mehta,Female,65,Small Business,Ahmedabad,Gujarat,West,2023-11-06
C00723,Simran Kapoor,Male,34,Corporate,Delhi,Delhi,North,2022-08-05
C00724,Kabir Jain,Male,27,Small Business,Jaipur,Rajasthan,North,2022-12-20
C00725,Simran Gupta,Female,59,Corporate,Meerut,Uttar Pradesh,North,2025-12-16
C00726,Vivaan Gupta,Female,21,Small Business,Guwahati,Assam,East,2025-02-03
C00727,Ananya Bansal,Female,66,Small Business,Kolkata,West Bengal,East,2023-06-12
C00728,Kavya Kumar,Male,51,Corporate,Jaipur,Rajasthan,North,2023-07-18
C00729,Arjun Kumar,Male,56,Consumer,Bengaluru,Karnataka,South,2026-01-01
C00730,Sanya Chaudhary,Male,53,Small Business,Jaipur,Rajasthan,North,2023-05-02
C00731,Diya Verma,Male,18,Consumer,Hyderabad,Telangana,South,2024-08-03
C00732,Aarav Kumar,Male,33,Small Business,Mumbai,Maharashtra,West,2022-02-06
C00733,Pooja Malhotra,Male,23,Small Business,Bengaluru,Karnataka,South,2025-01-08
C00734,Diya Singh,Female,27,Corporate,Hyderabad,Telangana,South,2025-05-10
C00735,Tanya Sharma,Male,31,Small Business,Chennai,Tamil Nadu,South,2022-12-08
C00736,Diya Gupta,Male,57,Corporate,Mumbai,Maharashtra,West,2024-01-04
C00737,Diya Bansal,Male,62,Small Business,Surat,Gujarat,West,2023-12-27
C00738,Kabir Mishra,Female,64,Corporate,Chennai,Tamil Nadu,South,2022-01-10
C00739,Aditya Gupta,Female,44,Corporate,Patna,Bihar,East,2026-01-26
C00740,Aarav Malhotra,Female,37,Small Business,Kolkata,West Bengal,East,2024-01-12
C00741,Simran Jain,Female,23,Small Business,Bhubaneswar,Odisha,East,2026-01-28
C00742,Rohan Bansal,Female,48,Small Business,Hyderabad,Telangana,South,2023-12-17
C00743,Ananya Jain,Female,18,Small Business,Kochi,Kerala,South,2025-08-02
C00744,Aditya Chaudhary,Male,21,Small Business,Mumbai,Maharashtra,West,2023-04-26
C00745,Neha Jain,Male,38,Consumer,Guwahati,Assam,East,2023-07-30
C00746,Aarav Kumar,Female,60,Consumer,Kolkata,West Bengal,East,2025-10-17
C00747,Arjun Sharma,Male,52,Small Business,Patna,Bihar,East,2023-08-06
C00748,Meera Mehta,Male,61,Small Business,Guwahati,Assam,East,2024-07-13
C00749,Simran Mishra,Female,45,Corporate,Mumbai,Maharashtra,West,2024-01-06
C00750,Kavya Kumar,Male,45,Corporate,Hyderabad,Telangana,South,2025-08-22
C00751,Priya Verma,Male,39,Consumer,Meerut,Uttar Pradesh,North,2024-05-12
C00752,Meera Verma,Female,45,Corporate,Ahmedabad,Gujarat,West,2025-06-08
C00753,Neha Jain,Male,68,Corporate,Hyderabad,Telangana,South,2024-10-08
C00754,Aarav Gupta,Male,21,Consumer,Patna,Bihar,East,2025-03-04
C00755,Riya Kapoor,Male,23,Corporate,Patna,Bihar,East,2025-08-21
C00756,Ishaan Jain,Female,33,Small Business,Pune,Maharashtra,West,2022-11-13
C00757,Arjun Sharma,Male,44,Small Business,Meerut,Uttar Pradesh,North,2022-11-11
C00758,Ayaan Bansal,Male,43,Corporate,Guwahati,Assam,East,2022-08-29
C00759,Priya Singh,Female,24,Small Business,Surat,Gujarat,West,2022-12-06
C00760,Sanya Mehta,Male,68,Consumer,Meerut,Uttar Pradesh,North,2023-08-05
C00761,Tanya Kumar,Female,40,Corporate,Chandigarh,Chandigarh,North,2024-04-11
C00762,Meera Bansal,Female,25,Corporate,Ahmedabad,Gujarat,West,2024-08-28
C00763,Ishaan Malhotra,Female,28,Consumer,Bengaluru,Karnataka,South,2025-06-25
C00764,Priya Verma,Male,67,Consumer,Chandigarh,Chandigarh,North,2024-07-23
C00765,Aditya Mehta,Male,57,Consumer,Kolkata,West Bengal,East,2022-01-11
C00766,Sanya Kapoor,Male,62,Consumer,Delhi,Delhi,North,2025-04-26
C00767,Simran Jain,Female,47,Consumer,Delhi,Delhi,North,2022-10-07
C00768,Aisha Singh,Female,58,Corporate,Hyderabad,Telangana,South,2023-10-21
C00769,Meera Sharma,Female,42,Small Business,Delhi,Delhi,North,2024-11-13
C00770,Ananya Bansal,Female,47,Small Business,Delhi,Delhi,North,2024-03-11
C00771,Riya Malhotra,Female,21,Consumer,Bhubaneswar,Odisha,East,2024-07-30
C00772,Aarav Jain,Female,67,Small Business,Meerut,Uttar Pradesh,North,2025-03-15
C00773,Ayaan Jain,Female,51,Corporate,Hyderabad,Telangana,South,2025-01-02
C00774,Vivaan Bansal,Male,43,Corporate,Ahmedabad,Gujarat,West,2024-08-10
C00775,Simran Mehta,Male,64,Corporate,Meerut,Uttar Pradesh,North,2022-03-07
C00776,Kavya Jain,Female,21,Corporate,Jaipur,Rajasthan,North,2022-07-31
C00777,Pooja Kumar,Male,34,Consumer,Guwahati,Assam,East,2025-10-10
C00778,Pooja Chaudhary,Male,43,Small Business,Chennai,Tamil Nadu,South,2022-07-13
C00779,Ishaan Sharma,Female,52,Consumer,Pune,Maharashtra,West,2022-06-13
C00780,Aisha Chaudhary,Male,26,Consumer,Jaipur,Rajasthan,North,2025-10-01
C00781,Tanya Singh,Female,18,Corporate,Kochi,Kerala,South,2025-03-03
C00782,Rohan Verma,Female,31,Corporate,Bengaluru,Karnataka,South,2026-01-05
C00783,Priya Mishra,Female,58,Small Business,Bhubaneswar,Odisha,East,2024-12-09
C00784,Neha Mishra,Male,49,Small Business,Patna,Bihar,East,2023-08-10
C00785,Kabir Verma,Female,54,Small Business,Bhubaneswar,Odisha,East,2025-07-10
C00786,Kavya Malhotra,Female,27,Corporate,Chandigarh,Chandigarh,North,2022-11-16
C00787,Arjun Bansal,Female,18,Corporate,Hyderabad,Telangana,South,2023-02-08
C00788,Sanya Sharma,Male,59,Corporate,Mumbai,Maharashtra,West,2023-01-19
C00789,Meera Verma,Male,37,Small Business,Chandigarh,Chandigarh,North,2025-08-13
C00790,Priya Kumar,Male,31,Corporate,Mumbai,Maharashtra,West,2024-01-03
C00791,Kabir Malhotra,Male,19,Small Business,Ahmedabad,Gujarat,West,2024-11-25
C00792,Diya Verma,Male,35,Corporate,Guwahati,Assam,East,2025-01-30
C00793,Aarav Mehta,Male,64,Consumer,Ahmedabad,Gujarat,West,2023-06-18
C00794,Kabir Bansal,Female,20,Small Business,Patna,Bihar,East,2024-11-20
C00795,Neha Jain,Male,67,Small Business,Delhi,Delhi,North,2025-12-24
C00796,Ishaan Kumar,Male,43,Corporate,Pune,Maharashtra,West,2025-10-16
C00797,Meera Sharma,Female,55,Small Business,Chennai,Tamil Nadu,South,2023-04-27
C00798,Sanya Mehta,Male,53,Consumer,Kolkata,West Bengal,East,2023-06-15
C00799,Ayaan Gupta,Female,67,Small Business,Delhi,Delhi,North,2023-07-15
C00800,Sanya Kapoor,Male,39,Small Business,Kochi,Kerala,South,2023-04-02
C00801,Rohan Jain,Male,63,Consumer,Bhubaneswar,Odisha,East,2023-10-12
C00802,Neha Bansal,Male,25,Corporate,Bengaluru,Karnataka,South,2024-02-16
C00803,Aisha Gupta,Male,21,Corporate,Meerut,Uttar Pradesh,North,2023-03-20
C00804,Kabir Gupta,Male,43,Small Business,Meerut,Uttar Pradesh,North,2025-03-20
C00805,Aisha Verma,Male,49,Consumer,Chennai,Tamil Nadu,South,2022-11-02
C00806,Aarav Mehta,Male,44,Consumer,Kolkata,West Bengal,East,2023-08-25
C00807,Diya Mehta,Female,66,Small Business,Kochi,Kerala,South,2025-04-02
C00808,Aditya Kapoor,Male,23,Small Business,Jaipur,Rajasthan,North,2022-06-26
C00809,Vivaan Verma,Female,22,Small Business,Bengaluru,Karnataka,South,2024-01-10
C00810,Sanya Jain,Male,24,Small Business,Meerut,Uttar Pradesh,North,2023-01-18
C00811,Meera Kapoor,Female,52,Corporate,Pune,Maharashtra,West,2022-09-01
C00812,Aisha Sharma,Male,30,Small Business,Meerut,Uttar Pradesh,North,2022-04-30
C00813,Riya Chaudhary,Male,59,Consumer,Meerut,Uttar Pradesh,North,2025-12-26
C00814,Priya Sharma,Female,46,Small Business,Meerut,Uttar Pradesh,North,2022-03-20
C00815,Aditya Chaudhary,Female,39,Consumer,Chennai,Tamil Nadu,South,2024-10-12
C00816,Ayaan Bansal,Male,26,Consumer,Chennai,Tamil Nadu,South,2022-07-09
C00817,Ananya Sharma,Male,33,Consumer,Mumbai,Maharashtra,West,2023-02-27
C00818,Aditya Malhotra,Female,39,Corporate,Meerut,Uttar Pradesh,North,2022-12-24
C00819,Rohan Jain,Male,51,Small Business,Bengaluru,Karnataka,South,2024-04-14
C00820,Aarav Verma,Female,66,Consumer,Mumbai,Maharashtra,West,2025-09-01
C00821,Simran Verma,Male,20,Corporate,Hyderabad,Telangana,South,2023-12-05
C00822,Arjun Malhotra,Female,43,Consumer,Meerut,Uttar Pradesh,North,2023-11-03
C00823,Ishaan Kapoor,Female,58,Corporate,Chennai,Tamil Nadu,South,2025-01-03
C00824,Tanya Bansal,Male,49,Small Business,Kolkata,West Bengal,East,2022-07-04
C00825,Priya Jain,Male,38,Small Business,Surat,Gujarat,West,2025-02-01
C00826,Pooja Malhotra,Female,31,Corporate,Mumbai,Maharashtra,West,2025-05-17
C00827,Neha Gupta,Female,66,Corporate,Chennai,Tamil Nadu,South,2023-08-24
C00828,Arjun Mehta,Male,34,Corporate,Delhi,Delhi,North,2023-01-28
C00829,Sanya Mehta,Male,62,Consumer,Bengaluru,Karnataka,South,2025-11-08
C00830,Ishaan Kumar,Male,24,Small Business,Jaipur,Rajasthan,North,2024-12-22
C00831,Vivaan Gupta,Male,59,Corporate,Pune,Maharashtra,West,2022-05-02
C00832,Priya Sharma,Female,24,Small Business,Bengaluru,Karnataka,South,2024-08-13
C00833,Ayaan Gupta,Female,27,Corporate,Chennai,Tamil Nadu,South,2023-12-15
C00834,Simran Kumar,Male,62,Corporate,Ahmedabad,Gujarat,West,2024-12-26
C00835,Kabir Jain,Male,61,Small Business,Patna,Bihar,East,2024-02-15
C00836,Aditya Jain,Female,66,Consumer,Surat,Gujarat,West,2023-11-11
C00837,Neha Chaudhary,Male,44,Corporate,Pune,Maharashtra,West,2022-04-21
C00838,Meera Jain,Male,44,Corporate,Patna,Bihar,East,2024-06-29
C00839,Arjun Jain,Male,61,Small Business,Delhi,Delhi,North,2024-11-21
C00840,Meera Kumar,Female,24,Consumer,Bhubaneswar,Odisha,East,2023-11-13
C00841,Pooja Kapoor,Male,65,Corporate,Ahmedabad,Gujarat,West,2024-03-23
C00842,Pooja Chaudhary,Male,61,Corporate,Delhi,Delhi,North,2022-12-06
C00843,Vivaan Mishra,Female,64,Corporate,Kochi,Kerala,South,2025-06-02
C00844,Diya Verma,Male,53,Consumer,Chandigarh,Chandigarh,North,2022-12-17
C00845,Simran Mehta,Female,67,Small Business,Chandigarh,Chandigarh,North,2024-04-22
C00846,Rohan Singh,Female,40,Consumer,Jaipur,Rajasthan,North,2025-04-03
C00847,Neha Chaudhary,Male,68,Consumer,Kolkata,West Bengal,East,2024-11-10
C00848,Ananya Jain,Female,30,Corporate,Surat,Gujarat,West,2025-04-06
C00849,Simran Malhotra,Male,61,Consumer,Chennai,Tamil Nadu,South,2024-08-31
C00850,Aarav Chaudhary,Male,36,Consumer,Chennai,Tamil Nadu,South,2025-07-06
C00851,Meera Malhotra,Male,42,Corporate,Bhubaneswar,Odisha,East,2025-02-19
C00852,Kavya Chaudhary,Female,38,Small Business,Surat,Gujarat,West,2023-08-22
C00853,Rohan Singh,Female,36,Consumer,Mumbai,Maharashtra,West,2022-06-07
C00854,Aisha Malhotra,Female,46,Small Business,Surat,Gujarat,West,2023-12-15
C00855,Priya Bansal,Female,33,Corporate,Jaipur,Rajasthan,North,2025-07-10
C00856,Aarav Malhotra,Male,38,Corporate,Kolkata,West Bengal,East,2025-12-02
C00857,Kavya Sharma,Female,65,Corporate,Hyderabad,Telangana,South,2025-02-10
C00858,Vivaan Mishra,Male,48,Consumer,Surat,Gujarat,West,2024-01-14
C00859,Ananya Sharma,Female,28,Consumer,Bhubaneswar,Odisha,East,2025-02-28
C00860,Aditya Singh,Female,25,Consumer,Pune,Maharashtra,West,2025-10-14
C00861,Kabir Mishra,Female,28,Consumer,Delhi,Delhi,North,2024-02-01
C00862,Sanya Malhotra,Male,52,Small Business,Surat,Gujarat,West,2023-06-03
C00863,Aisha Jain,Female,20,Small Business,Chandigarh,Chandigarh,North,2025-09-26
C00864,Pooja Kapoor,Male,34,Small Business,Pune,Maharashtra,West,2023-07-01
C00865,Vivaan Sharma,Male,23,Corporate,Mumbai,Maharashtra,West,2022-10-02
C00866,Ananya Gupta,Male,67,Consumer,Jaipur,Rajasthan,North,2023-07-24
C00867,Diya Sharma,Male,20,Small Business,Meerut,Uttar Pradesh,North,2022-09-11
C00868,Ayaan Malhotra,Male,63,Corporate,Guwahati,Assam,East,2023-11-19
C00869,Kavya Malhotra,Female,62,Consumer,Patna,Bihar,East,2024-10-21
C00870,Diya Sharma,Male,66,Consumer,Meerut,Uttar Pradesh,North,2024-08-06
C00871,Aarav Chaudhary,Female,58,Corporate,Meerut,Uttar Pradesh,North,2025-10-16
C00872,Arjun Gupta,Male,29,Small Business,Hyderabad,Telangana,South,2023-01-06
C00873,Ananya Mehta,Female,34,Consumer,Kochi,Kerala,South,2024-03-01
C00874,Kavya Singh,Male,29,Small Business,Bhubaneswar,Odisha,East,2025-12-03
C00875,Sanya Mehta,Female,64,Consumer,Pune,Maharashtra,West,2024-08-05
C00876,Tanya Chaudhary,Male,53,Small Business,Chennai,Tamil Nadu,South,2025-11-01
C00877,Riya Jain,Female,43,Small Business,Surat,Gujarat,West,2024-01-22
C00878,Rohan Singh,Male,64,Corporate,Surat,Gujarat,West,2023-06-18
C00879,Aditya Singh,Male,66,Small Business,Surat,Gujarat,West,2022-05-22
C00880,Vivaan Jain,Male,51,Corporate,Kochi,Kerala,South,2025-09-20
C00881,Aditya Verma,Female,55,Corporate,Meerut,Uttar Pradesh,North,2024-08-30
C00882,Aarav Malhotra,Female,30,Corporate,Meerut,Uttar Pradesh,North,2025-07-29
C00883,Pooja Chaudhary,Male,42,Corporate,Bengaluru,Karnataka,South,2022-11-23
C00884,Diya Sharma,Female,26,Small Business,Patna,Bihar,East,2024-02-02
C00885,Aarav Gupta,Female,44,Small Business,Bhubaneswar,Odisha,East,2025-06-25
C00886,Priya Gupta,Male,37,Small Business,Pune,Maharashtra,West,2023-04-14
C00887,Sanya Jain,Male,34,Small Business,Ahmedabad,Gujarat,West,2022-07-02
C00888,Tanya Malhotra,Male,60,Consumer,Hyderabad,Telangana,South,2025-05-07
C00889,Aisha Mehta,Male,49,Small Business,Kochi,Kerala,South,2025-06-21
C00890,Kabir Kumar,Male,28,Corporate,Bengaluru,Karnataka,South,2023-10-29
C00891,Sanya Chaudhary,Female,34,Corporate,Chandigarh,Chandigarh,North,2026-02-02
C00892,Tanya Kapoor,Female,20,Corporate,Mumbai,Maharashtra,West,2025-02-19
C00893,Rohan Kapoor,Female,27,Corporate,Meerut,Uttar Pradesh,North,2024-05-22
C00894,Kavya Kumar,Male,31,Consumer,Chandigarh,Chandigarh,North,2023-07-01
C00895,Vivaan Mishra,Female,29,Small Business,Patna,Bihar,East,2024-02-07
C00896,Rohan Gupta,Female,62,Consumer,Chennai,Tamil Nadu,South,2025-07-16
C00897,Meera Verma,Female,18,Consumer,Meerut,Uttar Pradesh,North,2025-06-03
C00898,Aarav Gupta,Male,27,Consumer,Hyderabad,Telangana,South,2022-06-28
C00899,Meera Jain,Female,18,Small Business,Bengaluru,Karnataka,South,2025-10-17
C00900,Diya Gupta,Female,43,Small Business,Kochi,Kerala,South,2022-12-17
C00901,Pooja Kumar,Female,60,Consumer,Delhi,Delhi,North,2022-01-22
C00902,Aditya Bansal,Male,52,Corporate,Patna,Bihar,East,2022-07-22
C00903,Meera Bansal,Female,30,Small Business,Kolkata,West Bengal,East,2023-09-23
C00904,Meera Kumar,Female,23,Corporate,Bengaluru,Karnataka,South,2024-03-06
C00905,Ishaan Jain,Male,68,Corporate,Meerut,Uttar Pradesh,North,2023-06-17
C00906,Aisha Kapoor,Male,56,Small Business,Meerut,Uttar Pradesh,North,2024-10-23
C00907,Ananya Mishra,Female,40,Small Business,Mumbai,Maharashtra,West,2023-01-19
C00908,Riya Chaudhary,Male,37,Small Business,Delhi,Delhi,North,2025-08-26
C00909,Rohan Gupta,Male,22,Consumer,Hyderabad,Telangana,South,2025-02-13
C00910,Aarav Verma,Female,61,Small Business,Mumbai,Maharashtra,West,2022-07-05
C00911,Vivaan Malhotra,Female,68,Corporate,Kochi,Kerala,South,2025-07-03
C00912,Aisha Kapoor,Female,57,Corporate,Kochi,Kerala,South,2026-01-08
C00913,Vivaan Malhotra,Female,65,Small Business,Chennai,Tamil Nadu,South,2023-01-23
C00914,Aarav Jain,Female,25,Corporate,Jaipur,Rajasthan,North,2025-08-08
C00915,Aditya Verma,Female,46,Small Business,Chandigarh,Chandigarh,North,2022-04-05
C00916,Simran Kumar,Male,24,Corporate,Kolkata,West Bengal,East,2023-11-21
C00917,Diya Sharma,Male,51,Small Business,Bhubaneswar,Odisha,East,2024-05-07
C00918,Aarav Jain,Female,21,Corporate,Delhi,Delhi,North,2023-02-27
C00919,Ayaan Kumar,Female,55,Consumer,Ahmedabad,Gujarat,West,2025-04-07
C00920,Aisha Jain,Female,45,Small Business,Ahmedabad,Gujarat,West,2023-03-09
C00921,Diya Sharma,Female,66,Corporate,Bhubaneswar,Odisha,East,2023-09-13
C00922,Vivaan Singh,Male,52,Corporate,Bhubaneswar,Odisha,East,2024-08-20
C00923,Sanya Verma,Male,30,Small Business,Bengaluru,Karnataka,South,2022-03-27
C00924,Vivaan Kumar,Female,57,Small Business,Meerut,Uttar Pradesh,North,2023-05-15
C00925,Simran Sharma,Male,57,Consumer,Hyderabad,Telangana,South,2023-06-21
C00926,Aditya Verma,Female,55,Small Business,Bhubaneswar,Odisha,East,2022-05-15
C00927,Vivaan Verma,Female,20,Small Business,Hyderabad,Telangana,South,2023-01-12
C00928,Riya Mishra,Male,61,Consumer,Chennai,Tamil Nadu,South,2025-03-03
C00929,Sanya Bansal,Female,62,Small Business,Surat,Gujarat,West,2024-04-27
C00930,Ishaan Kapoor,Female,45,Small Business,Ahmedabad,Gujarat,West,2023-06-09
C00931,Priya Chaudhary,Male,60,Consumer,Meerut,Uttar Pradesh,North,2024-04-20
C00932,Meera Sharma,Male,40,Consumer,Meerut,Uttar Pradesh,North,2025-12-16
C00933,Rohan Mishra,Female,37,Corporate,Mumbai,Maharashtra,West,2022-03-30
C00934,Ayaan Malhotra,Female,57,Corporate,Meerut,Uttar Pradesh,North,2024-04-18
C00935,Simran Malhotra,Male,54,Small Business,Patna,Bihar,East,2023-08-24
C00936,Pooja Kapoor,Female,22,Small Business,Patna,Bihar,East,2024-03-06
C00937,Sanya Sharma,Male,30,Small Business,Hyderabad,Telangana,South,2022-01-05
C00938,Neha Mehta,Male,48,Corporate,Patna,Bihar,East,2023-05-28
C00939,Kavya Verma,Female,67,Small Business,Chennai,Tamil Nadu,South,2024-11-25
C00940,Kavya Gupta,Female,51,Corporate,Kolkata,West Bengal,East,2023-08-07
C00941,Ishaan Bansal,Male,58,Small Business,Jaipur,Rajasthan,North,2025-04-12
C00942,Simran Jain,Female,63,Small Business,Guwahati,Assam,East,2022-12-26
C00943,Kabir Kumar,Female,35,Consumer,Patna,Bihar,East,2022-08-06
C00944,Aisha Jain,Female,24,Small Business,Patna,Bihar,East,2024-03-12
C00945,Riya Mehta,Male,29,Consumer,Bengaluru,Karnataka,South,2025-01-25
C00946,Simran Bansal,Female,41,Corporate,Bengaluru,Karnataka,South,2024-10-07
C00947,Diya Mehta,Female,36,Consumer,Jaipur,Rajasthan,North,2023-05-07
C00948,Pooja Mehta,Male,18,Corporate,Guwahati,Assam,East,2023-11-06
C00949,Arjun Kumar,Male,53,Consumer,Chandigarh,Chandigarh,North,2024-07-20
C00950,Ananya Malhotra,Female,52,Corporate,Surat,Gujarat,West,2023-07-08
C00951,Ananya Mehta,Male,30,Small Business,Chandigarh,Chandigarh,North,2025-11-11
C00952,Priya Jain,Female,65,Small Business,Chennai,Tamil Nadu,South,2025-01-15
C00953,Kavya Kapoor,Male,27,Consumer,Kolkata,West Bengal,East,2022-01-03
C00954,Kabir Jain,Male,25,Consumer,Chandigarh,Chandigarh,North,2024-11-12
C00955,Neha Bansal,Female,52,Consumer,Bengaluru,Karnataka,South,2023-08-08
C00956,Ayaan Sharma,Female,63,Consumer,Delhi,Delhi,North,2025-06-19
C00957,Simran Kumar,Male,20,Consumer,Patna,Bihar,East,2025-02-27
C00958,Kavya Mehta,Male,67,Small Business,Bhubaneswar,Odisha,East,2024-01-08
C00959,Diya Mishra,Female,58,Consumer,Kolkata,West Bengal,East,2022-08-23
C00960,Ananya Malhotra,Female,57,Small Business,Chennai,Tamil Nadu,South,2025-01-16
C00961,Vivaan Malhotra,Female,25,Small Business,Kochi,Kerala,South,2026-01-30
C00962,Arjun Mishra,Male,44,Corporate,Kochi,Kerala,South,2022-09-27
C00963,Rohan Kumar,Male,68,Corporate,Delhi,Delhi,North,2025-06-13
C00964,Ananya Malhotra,Female,65,Small Business,Delhi,Delhi,North,2023-05-04
C00965,Aditya Kapoor,Male,62,Small Business,Bhubaneswar,Odisha,East,2024-07-27
C00966,Riya Jain,Male,33,Corporate,Bhubaneswar,Odisha,East,2022-08-10
C00967,Aisha Verma,Female,31,Small Business,Ahmedabad,Gujarat,West,2024-11-22
C00968,Ishaan Mehta,Male,42,Corporate,Delhi,Delhi,North,2022-11-07
C00969,Riya Verma,Female,66,Consumer,Patna,Bihar,East,2022-11-05
C00970,Neha Jain,Male,60,Small Business,Hyderabad,Telangana,South,2023-11-01
C00971,Sanya Sharma,Female,60,Consumer,Meerut,Uttar Pradesh,North,2023-01-30
C00972,Diya Singh,Male,53,Consumer,Jaipur,Rajasthan,North,2023-02-09
C00973,Aisha Singh,Male,34,Small Business,Pune,Maharashtra,West,2022-07-02
C00974,Aditya Mehta,Male,30,Small Business,Guwahati,Assam,East,2022-12-25
C00975,Sanya Verma,Male,68,Consumer,Kochi,Kerala,South,2023-05-10
C00976,Ishaan Mehta,Female,44,Corporate,Guwahati,Assam,East,2022-11-27
C00977,Rohan Kapoor,Female,41,Small Business,Chennai,Tamil Nadu,South,2024-09-26
C00978,Meera Mishra,Female,21,Consumer,Pune,Maharashtra,West,2025-09-20
C00979,Vivaan Malhotra,Male,67,Small Business,Hyderabad,Telangana,South,2022-10-02
C00980,Sanya Mishra,Male,18,Consumer,Bengaluru,Karnataka,South,2026-01-27
C00981,Vivaan Gupta,Female,33,Small Business,Bengaluru,Karnataka,South,2022-03-22
C00982,Arjun Malhotra,Female,44,Corporate,Jaipur,Rajasthan,North,2022-09-09
C00983,Arjun Singh,Female,37,Consumer,Kolkata,West Bengal,East,2022-11-30
C00984,Aditya Jain,Female,46,Small Business,Surat,Gujarat,West,2022-03-06
C00985,Neha Mishra,Female,42,Consumer,Kochi,Kerala,South,2023-01-21
C00986,Arjun Sharma,Male,38,Consumer,Jaipur,Rajasthan,North,2025-09-04
C00987,Pooja Mehta,Female,59,Consumer,Meerut,Uttar Pradesh,North,2023-02-02
C00988,Tanya Chaudhary,Male,50,Consumer,Chandigarh,Chandigarh,North,2023-03-25
C00989,Sanya Mehta,Male,45,Consumer,Mumbai,Maharashtra,West,2025-01-06
C00990,Vivaan Gupta,Male,43,Corporate,Chandigarh,Chandigarh,North,2022-10-12
C00991,Riya Jain,Male,35,Small Business,Chennai,Tamil Nadu,South,2023-07-24
C00992,Sanya Sharma,Male,49,Corporate,Ahmedabad,Gujarat,West,2025-06-14
C00993,Riya Gupta,Female,38,Corporate,Kochi,Kerala,South,2025-08-28
C00994,Aditya Gupta,Female,41,Consumer,Patna,Bihar,East,2022-08-06
C00995,Sanya Mehta,Female,66,Corporate,Jaipur,Rajasthan,North,2024-05-23
C00996,Vivaan Mehta,Male,52,Corporate,Bhubaneswar,Odisha,East,2022-03-24
C00997,Diya Verma,Female,37,Small Business,Jaipur,Rajasthan,North,2024-04-17
C00998,Aditya Singh,Male,26,Corporate,Hyderabad,Telangana,South,2024-01-11
C00999,Neha Singh,Female,22,Corporate,Patna,Bihar,East,2025-06-03
C01000,Vivaan Bansal,Male,67,Consumer,Patna,Bihar,East,2025-04-21
C01001,Priya Chaudhary,Male,48,Corporate,Kolkata,West Bengal,East,2024-08-12
C01002,Tanya Mishra,Female,30,Corporate,Kochi,Kerala,South,2025-08-03
C01003,Neha Kapoor,Female,28,Small Business,Ahmedabad,Gujarat,West,2025-03-20
C01004,Rohan Malhotra,Female,32,Small Business,Chandigarh,Chandigarh,North,2022-07-11
C01005,Meera Sharma,Male,28,Corporate,Chennai,Tamil Nadu,South,2023-01-22
C01006,Vivaan Singh,Male,58,Corporate,Surat,Gujarat,West,2024-08-20
C01007,Pooja Verma,Male,36,Small Business,Pune,Maharashtra,West,2025-01-28
C01008,Kabir Kumar,Male,57,Consumer,Jaipur,Rajasthan,North,2025-01-31
C01009,Tanya Kapoor,Female,64,Corporate,Hyderabad,Telangana,South,2022-06-12
C01010,Rohan Singh,Female,66,Corporate,Bengaluru,Karnataka,South,2024-12-21
C01011,Diya Mehta,Male,55,Consumer,Hyderabad,Telangana,South,2022-09-04
C01012,Neha Chaudhary,Male,53,Consumer,Delhi,Delhi,North,2024-09-21
C01013,Ananya Sharma,Male,52,Corporate,Bengaluru,Karnataka,South,2024-08-06
C01014,Ayaan Sharma,Male,23,Small Business,Guwahati,Assam,East,2023-03-31
C01015,Riya Sharma,Male,59,Consumer,Guwahati,Assam,East,2023-11-19
C01016,Aarav Malhotra,Male,46,Consumer,Jaipur,Rajasthan,North,2024-02-13
C01017,Rohan Kapoor,Female,26,Corporate,Kolkata,West Bengal,East,2024-03-01
C01018,Vivaan Kumar,Female,40,Consumer,Surat,Gujarat,West,2025-07-27
C01019,Tanya Gupta,Female,26,Small Business,Mumbai,Maharashtra,West,2025-05-16
C01020,Meera Kapoor,Male,28,Corporate,Bhubaneswar,Odisha,East,2022-02-21
C01021,Tanya Sharma,Female,28,Corporate,Chandigarh,Chandigarh,North,2023-12-28
C01022,Sanya Kapoor,Male,35,Corporate,Kochi,Kerala,South,2025-04-27
C01023,Sanya Bansal,Male,46,Consumer,Chandigarh,Chandigarh,North,2023-02-11
C01024,Vivaan Bansal,Male,59,Corporate,Bhubaneswar,Odisha,East,2024-10-26
C01025,Tanya Gupta,Male,28,Consumer,Guwahati,Assam,East,2022-07-27
C01026,Ayaan Jain,Female,55,Consumer,Patna,Bihar,East,2022-06-10
C01027,Vivaan Chaudhary,Female,29,Consumer,Ahmedabad,Gujarat,West,2024-12-07
C01028,Pooja Singh,Male,63,Consumer,Mumbai,Maharashtra,West,2024-07-28
C01029,Kabir Singh,Female,45,Small Business,Meerut,Uttar Pradesh,North,2022-02-21
C01030,Ishaan Kumar,Male,68,Corporate,Mumbai,Maharashtra,West,2024-01-06
C01031,Riya Verma,Male,57,Consumer,Surat,Gujarat,West,2023-02-03
C01032,Vivaan Gupta,Female,43,Consumer,Mumbai,Maharashtra,West,2025-04-24
C01033,Pooja Jain,Male,61,Corporate,Bhubaneswar,Odisha,East,2023-04-02
C01034,Neha Gupta,Male,28,Consumer,Bhubaneswar,Odisha,East,2023-11-17
C01035,Ishaan Malhotra,Female,34,Corporate,Jaipur,Rajasthan,North,2024-05-01
C01036,Aisha Bansal,Female,56,Small Business,Pune,Maharashtra,West,2025-01-22
C01037,Priya Chaudhary,Female,50,Small Business,Hyderabad,Telangana,South,2022-05-04
C01038,Diya Verma,Female,35,Consumer,Bhubaneswar,Odisha,East,2023-05-12
C01039,Vivaan Jain,Female,38,Corporate,Hyderabad,Telangana,South,2025-02-05
C01040,Diya Jain,Female,55,Corporate,Chandigarh,Chandigarh,North,2022-12-29
C01041,Kabir Mehta,Male,60,Consumer,Bhubaneswar,Odisha,East,2025-01-10
C01042,Ayaan Kumar,Male,50,Corporate,Chandigarh,Chandigarh,North,2023-01-03
C01043,Kavya Verma,Female,23,Corporate,Mumbai,Maharashtra,West,2022-08-02
C01044,Ananya Malhotra,Female,41,Corporate,Ahmedabad,Gujarat,West,2022-09-26
C01045,Aisha Malhotra,Female,45,Consumer,Bengaluru,Karnataka,South,2022-02-24
C01046,Sanya Jain,Male,43,Small Business,Patna,Bihar,East,2022-11-25
C01047,Pooja Kumar,Male,40,Small Business,Jaipur,Rajasthan,North,2024-10-25
C01048,Ayaan Mehta,Male,65,Consumer,Jaipur,Rajasthan,North,2022-05-22
C01049,Ishaan Malhotra,Female,57,Consumer,Guwahati,Assam,East,2024-09-11
C01050,Aditya Verma,Female,38,Corporate,Jaipur,Rajasthan,North,2024-11-21
C01051,Simran Chaudhary,Male,53,Consumer,Kolkata,West Bengal,East,2024-10-22
C01052,Rohan Malhotra,Female,40,Small Business,Bengaluru,Karnataka,South,2023-06-25
C01053,Kabir Chaudhary,Female,44,Consumer,Bengaluru,Karnataka,South,2023-11-08
C01054,Ananya Kapoor,Female,18,Corporate,Kolkata,West Bengal,East,2026-01-22
C01055,Aarav Mehta,Male,28,Consumer,Bhubaneswar,Odisha,East,2024-03-27
C01056,Pooja Singh,Female,22,Corporate,Surat,Gujarat,West,2023-06-24
C01057,Kabir Gupta,Female,29,Consumer,Ahmedabad,Gujarat,West,2022-03-05
C01058,Kavya Gupta,Female,39,Consumer,Guwahati,Assam,East,2024-01-30
C01059,Pooja Verma,Male,44,Small Business,Kochi,Kerala,South,2025-04-18
C01060,Aarav Chaudhary,Female,43,Consumer,Bengaluru,Karnataka,South,2022-05-07
C01061,Ishaan Gupta,Female,28,Small Business,Surat,Gujarat,West,2023-06-02
C01062,Sanya Mishra,Male,40,Consumer,Pune,Maharashtra,West,2024-07-31
C01063,Ishaan Chaudhary,Female,43,Corporate,Jaipur,Rajasthan,North,2024-02-24
C01064,Sanya Malhotra,Female,59,Small Business,Hyderabad,Telangana,South,2024-01-27
C01065,Kabir Bansal,Male,35,Consumer,Chandigarh,Chandigarh,North,2023-11-18
C01066,Ayaan Sharma,Female,19,Corporate,Delhi,Delhi,North,2025-04-23
C01067,Arjun Chaudhary,Male,44,Corporate,Kochi,Kerala,South,2022-09-16
C01068,Vivaan Gupta,Female,51,Consumer,Meerut,Uttar Pradesh,North,2022-07-21
C01069,Diya Jain,Male,44,Small Business,Ahmedabad,Gujarat,West,2024-12-21
C01070,Kavya Jain,Male,57,Corporate,Delhi,Delhi,North,2025-03-18
C01071,Ananya Malhotra,Female,50,Small Business,Chandigarh,Chandigarh,North,2023-09-11
C01072,Priya Sharma,Female,56,Small Business,Kochi,Kerala,South,2024-01-01
C01073,Ananya Kapoor,Male,31,Small Business,Bengaluru,Karnataka,South,2024-02-27
C01074,Priya Singh,Male,60,Corporate,Chennai,Tamil Nadu,South,2022-03-05
C01075,Pooja Chaudhary,Male,51,Consumer,Jaipur,Rajasthan,North,2025-10-20
C01076,Pooja Singh,Male,56,Small Business,Meerut,Uttar Pradesh,North,2024-09-29
C01077,Rohan Mehta,Female,59,Consumer,Hyderabad,Telangana,South,2024-10-17
C01078,Aarav Mishra,Female,43,Consumer,Delhi,Delhi,North,2024-05-28
C01079,Priya Gupta,Male,59,Consumer,Chandigarh,Chandigarh,North,2024-05-26
C01080,Riya Gupta,Female,39,Consumer,Ahmedabad,Gujarat,West,2024-01-24
C01081,Kabir Bansal,Male,23,Consumer,Kolkata,West Bengal,East,2022-04-14
C01082,Neha Chaudhary,Male,32,Corporate,Ahmedabad,Gujarat,West,2026-01-19
C01083,Tanya Kapoor,Male,28,Corporate,Surat,Gujarat,West,2024-05-04
C01084,Ishaan Bansal,Female,19,Small Business,Hyderabad,Telangana,South,2022-10-28
C01085,Pooja Verma,Female,38,Consumer,Hyderabad,Telangana,South,2022-12-07
C01086,Rohan Malhotra,Male,66,Small Business,Surat,Gujarat,West,2023-10-13
C01087,Neha Singh,Female,32,Corporate,Jaipur,Rajasthan,North,2025-06-17
C01088,Vivaan Mishra,Female,45,Consumer,Kolkata,West Bengal,East,2022-09-15
C01089,Arjun Jain,Female,44,Small Business,Mumbai,Maharashtra,West,2024-09-24
C01090,Kabir Malhotra,Male,33,Corporate,Surat,Gujarat,West,2024-09-06
C01091,Aditya Gupta,Male,23,Small Business,Guwahati,Assam,East,2024-06-03
C01092,Diya Sharma,Female,25,Consumer,Mumbai,Maharashtra,West,2025-09-28
C01093,Ayaan Mehta,Female,36,Consumer,Chennai,Tamil Nadu,South,2024-12-16
C01094,Pooja Kapoor,Female,38,Corporate,Kolkata,West Bengal,East,2024-04-30
C01095,Tanya Jain,Female,40,Consumer,Jaipur,Rajasthan,North,2024-10-19
C01096,Ishaan Chaudhary,Male,41,Corporate,Jaipur,Rajasthan,North,2025-02-16
C01097,Simran Chaudhary,Male,28,Corporate,Kolkata,West Bengal,East,2024-09-28
C01098,Diya Singh,Female,44,Consumer,Chandigarh,Chandigarh,North,2023-10-23
C01099,Vivaan Gupta,Female,25,Corporate,Jaipur,Rajasthan,North,2024-04-17
C01100,Priya Sharma,Female,48,Small Business,Chandigarh,Chandigarh,North,2025-12-11
C01101,Ananya Verma,Female,47,Corporate,Mumbai,Maharashtra,West,2022-10-26
C01102,Riya Kapoor,Male,22,Small Business,Surat,Gujarat,West,2022-05-19
C01103,Ayaan Mishra,Male,40,Corporate,Bhubaneswar,Odisha,East,2023-12-12
C01104,Meera Kumar,Female,31,Corporate,Mumbai,Maharashtra,West,2024-09-02
C01105,Priya Singh,Male,31,Corporate,Kolkata,West Bengal,East,2024-08-14
C01106,Simran Malhotra,Female,67,Consumer,Mumbai,Maharashtra,West,2023-05-20
C01107,Ishaan Malhotra,Male,46,Small Business,Chennai,Tamil Nadu,South,2024-06-30
C01108,Meera Malhotra,Male,56,Consumer,Pune,Maharashtra,West,2024-01-11
C01109,Priya Singh,Female,52,Small Business,Hyderabad,Telangana,South,2022-11-11
C01110,Tanya Jain,Male,46,Consumer,Kochi,Kerala,South,2024-02-25
C01111,Rohan Bansal,Male,33,Corporate,Hyderabad,Telangana,South,2022-11-13
C01112,Sanya Sharma,Female,23,Small Business,Guwahati,Assam,East,2024-12-18
C01113,Priya Malhotra,Female,36,Consumer,Chennai,Tamil Nadu,South,2026-01-07
C01114,Tanya Kumar,Male,23,Consumer,Pune,Maharashtra,West,2022-10-09
C01115,Priya Verma,Male,59,Consumer,Chandigarh,Chandigarh,North,2022-07-27
C01116,Kavya Sharma,Male,41,Corporate,Meerut,Uttar Pradesh,North,2022-01-24
C01117,Pooja Sharma,Male,23,Small Business,Bengaluru,Karnataka,South,2022-11-08
C01118,Aarav Malhotra,Female,33,Corporate,Jaipur,Rajasthan,North,2022-12-16
C01119,Aditya Gupta,Male,61,Consumer,Surat,Gujarat,West,2022-12-20
C01120,Ayaan Mishra,Male,35,Corporate,Surat,Gujarat,West,2023-08-30
C01121,Sanya Mishra,Female,58,Corporate,Bhubaneswar,Odisha,East,2024-07-01
C01122,Kabir Jain,Female,39,Small Business,Chennai,Tamil Nadu,South,2022-12-05
C01123,Diya Gupta,Male,44,Corporate,Kolkata,West Bengal,East,2025-01-21
C01124,Priya Kapoor,Female,39,Corporate,Mumbai,Maharashtra,West,2022-09-04
C01125,Kavya Malhotra,Female,52,Small Business,Meerut,Uttar Pradesh,North,2023-02-21
C01126,Diya Singh,Male,59,Small Business,Bhubaneswar,Odisha,East,2025-11-04
C01127,Vivaan Bansal,Female,50,Consumer,Bengaluru,Karnataka,South,2025-07-23
C01128,Ayaan Chaudhary,Male,43,Consumer,Ahmedabad,Gujarat,West,2025-03-20
C01129,Arjun Sharma,Female,54,Corporate,Meerut,Uttar Pradesh,North,2022-05-14
C01130,Tanya Malhotra,Female,28,Corporate,Kochi,Kerala,South,2022-08-14
C01131,Ishaan Kumar,Male,55,Consumer,Delhi,Delhi,North,2025-06-19
C01132,Aarav Verma,Female,26,Small Business,Meerut,Uttar Pradesh,North,2022-06-13
C01133,Ayaan Sharma,Female,56,Corporate,Pune,Maharashtra,West,2024-03-30
C01134,Aditya Singh,Female,35,Corporate,Delhi,Delhi,North,2024-04-27
C01135,Pooja Chaudhary,Female,42,Corporate,Jaipur,Rajasthan,North,2022-01-17
C01136,Neha Singh,Male,30,Small Business,Jaipur,Rajasthan,North,2022-12-12
C01137,Pooja Chaudhary,Female,31,Corporate,Surat,Gujarat,West,2024-01-16
C01138,Ishaan Singh,Female,61,Consumer,Jaipur,Rajasthan,North,2022-06-28
C01139,Kavya Mehta,Male,33,Consumer,Hyderabad,Telangana,South,2024-11-15
C01140,Kavya Malhotra,Female,48,Small Business,Guwahati,Assam,East,2023-07-03
C01141,Simran Bansal,Female,30,Small Business,Bengaluru,Karnataka,South,2023-03-10
C01142,Riya Sharma,Male,42,Corporate,Meerut,Uttar Pradesh,North,2022-05-29
C01143,Rohan Chaudhary,Male,61,Corporate,Meerut,Uttar Pradesh,North,2024-11-06
C01144,Simran Gupta,Female,64,Consumer,Delhi,Delhi,North,2024-10-30
C01145,Sanya Chaudhary,Male,68,Consumer,Hyderabad,Telangana,South,2023-03-25
C01146,Aisha Jain,Male,34,Small Business,Meerut,Uttar Pradesh,North,2022-05-26
C01147,Aisha Verma,Male,55,Consumer,Surat,Gujarat,West,2025-10-31
C01148,Aarav Malhotra,Male,18,Corporate,Bhubaneswar,Odisha,East,2025-06-08
C01149,Priya Malhotra,Female,32,Small Business,Delhi,Delhi,North,2025-10-02
C01150,Ishaan Verma,Male,27,Consumer,Ahmedabad,Gujarat,West,2022-06-21
C01151,Ishaan Mehta,Female,50,Small Business,Delhi,Delhi,North,2024-09-02
C01152,Aarav Kumar,Female,30,Small Business,Mumbai,Maharashtra,West,2025-12-19
C01153,Kavya Sharma,Female,50,Consumer,Surat,Gujarat,West,2026-01-12
C01154,Arjun Mishra,Male,49,Corporate,Pune,Maharashtra,West,2023-08-14
C01155,Aarav Jain,Male,18,Small Business,Kolkata,West Bengal,East,2025-08-14
C01156,Meera Chaudhary,Female,63,Corporate,Jaipur,Rajasthan,North,2024-09-13
C01157,Diya Kapoor,Male,66,Corporate,Guwahati,Assam,East,2022-03-06
C01158,Aditya Singh,Male,45,Small Business,Mumbai,Maharashtra,West,2022-04-10
C01159,Ananya Mehta,Female,65,Small Business,Mumbai,Maharashtra,West,2022-09-28
C01160,Rohan Verma,Female,25,Small Business,Jaipur,Rajasthan,North,2025-07-30
C01161,Arjun Kumar,Female,54,Small Business,Patna,Bihar,East,2023-01-09
C01162,Priya Kumar,Female,29,Small Business,Guwahati,Assam,East,2025-07-11
C01163,Aarav Verma,Female,19,Small Business,Meerut,Uttar Pradesh,North,2023-05-13
C01164,Ayaan Chaudhary,Female,21,Small Business,Chennai,Tamil Nadu,South,2022-04-28
C01165,Riya Kumar,Female,27,Corporate,Bhubaneswar,Odisha,East,2024-08-15
C01166,Pooja Mehta,Male,49,Small Business,Patna,Bihar,East,2023-08-24
C01167,Priya Gupta,Male,20,Small Business,Guwahati,Assam,East,2023-12-10
C01168,Ayaan Singh,Male,22,Small Business,Chennai,Tamil Nadu,South,2023-09-06
C01169,Aarav Mehta,Female,57,Consumer,Delhi,Delhi,North,2024-06-12
C01170,Rohan Malhotra,Female,60,Consumer,Pune,Maharashtra,West,2024-05-25
C01171,Rohan Singh,Female,26,Small Business,Mumbai,Maharashtra,West,2022-08-18
C01172,Ananya Gupta,Male,67,Corporate,Chandigarh,Chandigarh,North,2023-11-06
C01173,Diya Kapoor,Female,28,Corporate,Bengaluru,Karnataka,South,2024-10-28
C01174,Priya Kapoor,Female,64,Consumer,Kolkata,West Bengal,East,2023-02-23
C01175,Kavya Sharma,Male,63,Corporate,Bhubaneswar,Odisha,East,2024-08-05
C01176,Aarav Sharma,Male,22,Corporate,Jaipur,Rajasthan,North,2023-09-17
C01177,Ayaan Sharma,Male,30,Corporate,Kolkata,West Bengal,East,2022-07-15
C01178,Aditya Malhotra,Male,47,Consumer,Chennai,Tamil Nadu,South,2022-05-05
C01179,Arjun Bansal,Female,23,Consumer,Ahmedabad,Gujarat,West,2025-09-15
C01180,Vivaan Sharma,Male,42,Consumer,Bhubaneswar,Odisha,East,2022-03-15
C01181,Neha Bansal,Male,19,Small Business,Chennai,Tamil Nadu,South,2025-12-31
C01182,Kavya Singh,Female,32,Small Business,Jaipur,Rajasthan,North,2023-04-28
C01183,Aisha Bansal,Female,41,Consumer,Ahmedabad,Gujarat,West,2024-12-07
C01184,Aisha Mehta,Male,47,Consumer,Surat,Gujarat,West,2024-01-04
C01185,Kabir Mishra,Male,67,Consumer,Bhubaneswar,Odisha,East,2025-10-25
C01186,Ananya Chaudhary,Male,63,Consumer,Delhi,Delhi,North,2023-10-31
C01187,Vivaan Singh,Male,53,Small Business,Bengaluru,Karnataka,South,2023-06-05
C01188,Tanya Gupta,Male,53,Consumer,Mumbai,Maharashtra,West,2025-07-22
C01189,Kavya Jain,Male,55,Consumer,Pune,Maharashtra,West,2022-08-06
C01190,Kavya Kumar,Male,27,Consumer,Chandigarh,Chandigarh,North,2024-06-07
C01191,Rohan Malhotra,Female,30,Small Business,Hyderabad,Telangana,South,2023-09-27
C01192,Kabir Kapoor,Female,51,Small Business,Jaipur,Rajasthan,North,2023-08-14
C01193,Diya Mehta,Male,27,Consumer,Pune,Maharashtra,West,2022-12-06
C01194,Kavya Singh,Male,31,Corporate,Chennai,Tamil Nadu,South,2024-12-06
C01195,Aarav Gupta,Female,59,Consumer,Kochi,Kerala,South,2022-10-25
C01196,Meera Mishra,Male,68,Small Business,Hyderabad,Telangana,South,2024-11-13
C01197,Diya Kumar,Female,59,Corporate,Chennai,Tamil Nadu,South,2022-04-12
C01198,Rohan Kapoor,Female,33,Corporate,Bengaluru,Karnataka,South,2023-01-01
C01199,Neha Gupta,Female,64,Consumer,Bengaluru,Karnataka,South,2024-05-02
C01200,Aditya Kumar,Male,68,Corporate,Ahmedabad,Gujarat,West,2024-11-22
C01201,Pooja Malhotra,Female,56,Small Business,Delhi,Delhi,North,2022-09-04
C01202,Kavya Sharma,Male,49,Corporate,Surat,Gujarat,West,2023-08-28
C01203,Priya Mehta,Female,34,Corporate,Chennai,Tamil Nadu,South,2025-03-28
C01204,Aarav Mishra,Female,68,Consumer,Surat,Gujarat,West,2023-04-09
C01205,Aditya Mishra,Female,37,Corporate,Bengaluru,Karnataka,South,2023-11-27
C01206,Vivaan Gupta,Female,32,Consumer,Pune,Maharashtra,West,2023-11-23
C01207,Aisha Singh,Female,59,Consumer,Hyderabad,Telangana,South,2023-02-05
C01208,Diya Kumar,Male,63,Consumer,Kochi,Kerala,South,2022-05-27
C01209,Ayaan Singh,Female,18,Consumer,Delhi,Delhi,North,2023-10-04
C01210,Ayaan Kumar,Female,52,Corporate,Hyderabad,Telangana,South,2025-11-20
C01211,Meera Gupta,Male,32,Small Business,Patna,Bihar,East,2023-04-04
C01212,Rohan Jain,Female,50,Small Business,Delhi,Delhi,North,2023-01-16
C01213,Priya Kumar,Male,53,Small Business,Surat,Gujarat,West,2025-08-06
C01214,Ishaan Bansal,Female,48,Corporate,Kolkata,West Bengal,East,2025-06-08
C01215,Sanya Mehta,Male,37,Small Business,Bhubaneswar,Odisha,East,2023-08-09
C01216,Arjun Gupta,Male,40,Corporate,Chennai,Tamil Nadu,South,2023-01-21
C01217,Tanya Chaudhary,Female,56,Consumer,Delhi,Delhi,North,2025-03-06
C01218,Ayaan Chaudhary,Male,30,Corporate,Meerut,Uttar Pradesh,North,2022-11-16
C01219,Sanya Jain,Female,22,Corporate,Kochi,Kerala,South,2022-10-28
C01220,Simran Chaudhary,Female,61,Consumer,Jaipur,Rajasthan,North,2022-01-18
C01221,Ishaan Jain,Male,47,Consumer,Mumbai,Maharashtra,West,2026-01-08
C01222,Aarav Chaudhary,Male,34,Corporate,Kolkata,West Bengal,East,2023-01-29
C01223,Riya Singh,Male,28,Consumer,Ahmedabad,Gujarat,West,2024-02-02
C01224,Riya Kumar,Male,54,Small Business,Guwahati,Assam,East,2022-10-20
C01225,Priya Kapoor,Female,36,Consumer,Mumbai,Maharashtra,West,2022-10-13
C01226,Diya Bansal,Female,25,Small Business,Kochi,Kerala,South,2024-11-12
C01227,Priya Gupta,Female,50,Small Business,Bengaluru,Karnataka,South,2024-11-09
C01228,Ananya Kapoor,Female,60,Small Business,Delhi,Delhi,North,2022-12-15
C01229,Kabir Mishra,Male,60,Small Business,Ahmedabad,Gujarat,West,2023-01-28
C01230,Meera Sharma,Male,31,Consumer,Chennai,Tamil Nadu,South,2024-11-21
C01231,Simran Chaudhary,Female,21,Consumer,Bhubaneswar,Odisha,East,2023-08-09
C01232,Pooja Singh,Male,56,Corporate,Chennai,Tamil Nadu,South,2023-10-30
C01233,Vivaan Bansal,Male,54,Consumer,Jaipur,Rajasthan,North,2025-06-14
C01234,Kabir Singh,Male,54,Corporate,Hyderabad,Telangana,South,2023-11-22
C01235,Rohan Kapoor,Male,27,Corporate,Chandigarh,Chandigarh,North,2025-09-20
C01236,Vivaan Mishra,Female,58,Small Business,Jaipur,Rajasthan,North,2025-09-06
C01237,Riya Gupta,Female,36,Consumer,Chennai,Tamil Nadu,South,2023-12-31
C01238,Tanya Kumar,Male,68,Small Business,Chandigarh,Chandigarh,North,2022-11-25
C01239,Kavya Singh,Male,60,Corporate,Bengaluru,Karnataka,South,2025-05-20
C01240,Kavya Gupta,Female,61,Consumer,Pune,Maharashtra,West,2024-10-22
C01241,Aarav Mehta,Female,50,Consumer,Meerut,Uttar Pradesh,North,2023-01-11
C01242,Tanya Mehta,Male,61,Small Business,Kolkata,West Bengal,East,2024-12-08
C01243,Ananya Gupta,Male,25,Small Business,Ahmedabad,Gujarat,West,2024-06-15
C01244,Priya Sharma,Female,53,Small Business,Patna,Bihar,East,2022-03-20
C01245,Simran Chaudhary,Male,31,Small Business,Surat,Gujarat,West,2024-07-14
C01246,Aarav Mehta,Female,53,Consumer,Ahmedabad,Gujarat,West,2024-05-04
C01247,Vivaan Verma,Female,41,Small Business,Kochi,Kerala,South,2024-06-25
C01248,Simran Mehta,Male,41,Consumer,Chandigarh,Chandigarh,North,2023-11-26
C01249,Meera Mishra,Female,41,Consumer,Delhi,Delhi,North,2022-04-30
C01250,Arjun Sharma,Female,29,Small Business,Delhi,Delhi,North,2023-06-22
C01251,Kavya Mishra,Male,29,Corporate,Pune,Maharashtra,West,2026-01-26
C01252,Vivaan Gupta,Male,48,Small Business,Pune,Maharashtra,West,2024-01-06
C01253,Ananya Malhotra,Male,27,Corporate,Chennai,Tamil Nadu,South,2022-01-28
C01254,Aisha Malhotra,Female,59,Small Business,Hyderabad,Telangana,South,2025-03-21
C01255,Tanya Verma,Female,19,Corporate,Ahmedabad,Gujarat,West,2026-02-09
C01256,Sanya Jain,Female,57,Corporate,Hyderabad,Telangana,South,2023-03-19
C01257,Rohan Kumar,Female,55,Small Business,Surat,Gujarat,West,2023-04-24
C01258,Arjun Verma,Female,48,Small Business,Pune,Maharashtra,West,2022-08-19
C01259,Vivaan Malhotra,Female,63,Consumer,Kolkata,West Bengal,East,2023-03-21
C01260,Diya Chaudhary,Female,50,Corporate,Meerut,Uttar Pradesh,North,2026-02-09
C01261,Ananya Verma,Male,58,Corporate,Bengaluru,Karnataka,South,2023-07-22
C01262,Vivaan Malhotra,Male,45,Corporate,Jaipur,Rajasthan,North,2025-08-08
C01263,Tanya Bansal,Female,23,Small Business,Pune,Maharashtra,West,2022-08-30
C01264,Vivaan Gupta,Female,52,Consumer,Ahmedabad,Gujarat,West,2024-04-05
C01265,Tanya Mishra,Male,50,Small Business,Chandigarh,Chandigarh,North,2025-11-13
C01266,Simran Kapoor,Female,64,Corporate,Delhi,Delhi,North,2023-11-08
C01267,Pooja Malhotra,Female,55,Corporate,Chennai,Tamil Nadu,South,2022-01-04
C01268,Aditya Mishra,Female,19,Consumer,Mumbai,Maharashtra,West,2023-03-25
C01269,Aisha Sharma,Male,68,Small Business,Bhubaneswar,Odisha,East,2024-06-14
C01270,Neha Jain,Female,18,Corporate,Meerut,Uttar Pradesh,North,2023-08-14
C01271,Riya Kumar,Male,22,Corporate,Mumbai,Maharashtra,West,2023-09-10
C01272,Kabir Sharma,Male,32,Corporate,Pune,Maharashtra,West,2024-06-18
C01273,Ananya Gupta,Female,20,Consumer,Patna,Bihar,East,2025-11-20
C01274,Priya Bansal,Female,61,Consumer,Ahmedabad,Gujarat,West,2024-03-01
C01275,Sanya Kumar,Male,49,Corporate,Chennai,Tamil Nadu,South,2024-04-08
C01276,Aarav Jain,Female,67,Small Business,Surat,Gujarat,West,2024-09-09
C01277,Diya Kapoor,Female,67,Corporate,Bhubaneswar,Odisha,East,2023-05-13
C01278,Riya Malhotra,Male,34,Small Business,Chandigarh,Chandigarh,North,2024-12-27
C01279,Aarav Kumar,Male,51,Small Business,Kochi,Kerala,South,2024-03-13
C01280,Riya Bansal,Female,41,Consumer,Mumbai,Maharashtra,West,2023-10-10
C01281,Arjun Malhotra,Female,32,Small Business,Kolkata,West Bengal,East,2022-06-12
C01282,Tanya Malhotra,Male,65,Small Business,Pune,Maharashtra,West,2024-08-14
C01283,Ishaan Malhotra,Female,52,Consumer,Delhi,Delhi,North,2025-12-24
C01284,Simran Mehta,Female,60,Corporate,Hyderabad,Telangana,South,2023-09-11
C01285,Kavya Sharma,Male,51,Corporate,Bengaluru,Karnataka,South,2024-10-15
C01286,Meera Mishra,Male,40,Corporate,Mumbai,Maharashtra,West,2024-06-27
C01287,Aditya Malhotra,Female,39,Small Business,Jaipur,Rajasthan,North,2023-01-15
C01288,Priya Gupta,Female,68,Small Business,Chennai,Tamil Nadu,South,2023-04-06
C01289,Ishaan Kumar,Male,53,Small Business,Bengaluru,Karnataka,South,2022-06-04
C01290,Ananya Malhotra,Female,31,Small Business,Hyderabad,Telangana,South,2024-06-26
C01291,Vivaan Singh,Male,48,Corporate,Meerut,Uttar Pradesh,North,2025-08-29
C01292,Tanya Chaudhary,Male,20,Consumer,Hyderabad,Telangana,South,2023-08-25
C01293,Diya Chaudhary,Male,56,Consumer,Chennai,Tamil Nadu,South,2025-08-16
C01294,Meera Mishra,Female,52,Small Business,Mumbai,Maharashtra,West,2024-05-12
C01295,Kabir Mehta,Female,33,Corporate,Surat,Gujarat,West,2025-04-13
C01296,Ishaan Kapoor,Male,55,Small Business,Ahmedabad,Gujarat,West,2022-07-01
C01297,Aditya Verma,Male,55,Corporate,Hyderabad,Telangana,South,2025-12-02
C01298,Rohan Bansal,Male,49,Small Business,Chandigarh,Chandigarh,North,2026-01-28
C01299,Priya Verma,Female,55,Consumer,Bengaluru,Karnataka,South,2022-02-21
C01300,Aditya Jain,Female,36,Small Business,Ahmedabad,Gujarat,West,2023-06-02
C01301,Kabir Mishra,Male,64,Corporate,Chandigarh,Chandigarh,North,2024-06-25
C01302,Diya Mishra,Male,45,Consumer,Mumbai,Maharashtra,West,2024-03-04
C01303,Pooja Malhotra,Male,21,Consumer,Surat,Gujarat,West,2023-07-20
C01304,Priya Kumar,Male,61,Consumer,Guwahati,Assam,East,2023-12-05
C01305,Ananya Kumar,Male,20,Corporate,Jaipur,Rajasthan,North,2024-04-08
C01306,Ananya Verma,Male,52,Corporate,Delhi,Delhi,North,2023-04-16
C01307,Diya Kumar,Male,21,Corporate,Jaipur,Rajasthan,North,2024-01-31
C01308,Kabir Verma,Female,22,Small Business,Mumbai,Maharashtra,West,2024-10-12
C01309,Pooja Chaudhary,Female,22,Small Business,Mumbai,Maharashtra,West,2024-09-17
C01310,Simran Chaudhary,Male,54,Consumer,Kochi,Kerala,South,2024-03-09
C01311,Neha Verma,Female,24,Small Business,Patna,Bihar,East,2023-10-27
C01312,Meera Gupta,Male,29,Consumer,Patna,Bihar,East,2024-02-10
C01313,Kavya Bansal,Female,55,Small Business,Chennai,Tamil Nadu,South,2023-08-19
C01314,Aditya Kumar,Male,49,Consumer,Jaipur,Rajasthan,North,2025-01-23
C01315,Priya Kapoor,Male,31,Consumer,Ahmedabad,Gujarat,West,2025-06-30
C01316,Ishaan Singh,Female,19,Consumer,Hyderabad,Telangana,South,2026-02-02
C01317,Pooja Sharma,Female,51,Consumer,Chennai,Tamil Nadu,South,2024-06-28
C01318,Ananya Malhotra,Female,18,Consumer,Guwahati,Assam,East,2022-05-26
C01319,Simran Kapoor,Male,34,Consumer,Chandigarh,Chandigarh,North,2024-03-18
C01320,Simran Malhotra,Female,20,Consumer,Patna,Bihar,East,2024-12-05
C01321,Aisha Malhotra,Female,47,Small Business,Kolkata,West Bengal,East,2023-01-03
C01322,Arjun Verma,Female,66,Consumer,Jaipur,Rajasthan,North,2024-03-09
C01323,Ananya Singh,Female,42,Corporate,Meerut,Uttar Pradesh,North,2024-01-27
C01324,Aisha Chaudhary,Male,62,Consumer,Meerut,Uttar Pradesh,North,2022-07-16
C01325,Vivaan Jain,Male,47,Corporate,Mumbai,Maharashtra,West,2024-06-22
C01326,Sanya Sharma,Female,52,Small Business,Bengaluru,Karnataka,South,2024-04-15
C01327,Simran Sharma,Female,41,Consumer,Pune,Maharashtra,West,2024-07-08
C01328,Rohan Jain,Male,31,Consumer,Surat,Gujarat,West,2022-01-01
C01329,Neha Mishra,Male,49,Corporate,Ahmedabad,Gujarat,West,2026-01-07
C01330,Neha Verma,Female,33,Consumer,Surat,Gujarat,West,2023-07-20
C01331,Kavya Jain,Female,65,Consumer,Bhubaneswar,Odisha,East,2023-02-04
C01332,Neha Kapoor,Male,30,Small Business,Pune,Maharashtra,West,2024-02-29
C01333,Aarav Mehta,Male,30,Corporate,Meerut,Uttar Pradesh,North,2025-05-22
C01334,Pooja Kapoor,Male,41,Small Business,Guwahati,Assam,East,2023-07-11
C01335,Aarav Kumar,Female,57,Small Business,Bhubaneswar,Odisha,East,2024-09-23
C01336,Neha Kapoor,Female,23,Corporate,Chennai,Tamil Nadu,South,2023-01-28
C01337,Ishaan Chaudhary,Male,35,Consumer,Patna,Bihar,East,2023-12-14
C01338,Pooja Chaudhary,Male,58,Small Business,Chennai,Tamil Nadu,South,2025-07-29
C01339,Riya Sharma,Male,66,Consumer,Pune,Maharashtra,West,2025-05-15
C01340,Neha Sharma,Female,22,Consumer,Jaipur,Rajasthan,North,2022-06-11
C01341,Ishaan Kumar,Female,23,Small Business,Ahmedabad,Gujarat,West,2024-10-13
C01342,Aisha Sharma,Male,68,Corporate,Chennai,Tamil Nadu,South,2023-07-24
C01343,Rohan Jain,Female,66,Corporate,Patna,Bihar,East,2025-07-16
C01344,Aditya Singh,Female,37,Small Business,Surat,Gujarat,West,2024-08-19
C01345,Meera Sharma,Female,62,Corporate,Chennai,Tamil Nadu,South,2024-05-13
C01346,Priya Jain,Female,56,Small Business,Surat,Gujarat,West,2022-11-01
C01347,Aditya Chaudhary,Male,43,Small Business,Pune,Maharashtra,West,2024-02-12
C01348,Riya Mehta,Female,41,Corporate,Chennai,Tamil Nadu,South,2023-09-26
C01349,Ishaan Mehta,Female,37,Corporate,Hyderabad,Telangana,South,2022-09-16
C01350,Ayaan Kapoor,Male,35,Small Business,Kochi,Kerala,South,2023-05-05
C01351,Aarav Kumar,Male,67,Small Business,Delhi,Delhi,North,2023-03-26
C01352,Sanya Mishra,Male,39,Consumer,Meerut,Uttar Pradesh,North,2024-07-31
C01353,Ayaan Kapoor,Female,52,Consumer,Hyderabad,Telangana,South,2024-10-31
C01354,Diya Sharma,Male,29,Corporate,Chandigarh,Chandigarh,North,2024-10-17
C01355,Aarav Chaudhary,Female,64,Corporate,Delhi,Delhi,North,2022-08-19
C01356,Aisha Jain,Male,51,Small Business,Ahmedabad,Gujarat,West,2022-12-14
C01357,Kabir Sharma,Male,20,Small Business,Guwahati,Assam,East,2025-10-28
C01358,Arjun Mishra,Male,48,Corporate,Bhubaneswar,Odisha,East,2022-05-12
C01359,Tanya Mishra,Male,21,Small Business,Chandigarh,Chandigarh,North,2024-01-14
C01360,Tanya Jain,Female,23,Consumer,Ahmedabad,Gujarat,West,2024-11-28
C01361,Arjun Chaudhary,Male,22,Small Business,Patna,Bihar,East,2024-05-11
C01362,Aarav Kapoor,Male,50,Corporate,Chennai,Tamil Nadu,South,2022-02-17
C01363,Ananya Gupta,Female,23,Small Business,Delhi,Delhi,North,2024-07-21
C01364,Neha Gupta,Female,38,Consumer,Mumbai,Maharashtra,West,2024-03-13
C01365,Vivaan Bansal,Female,32,Consumer,Mumbai,Maharashtra,West,2022-03-20
C01366,Ananya Gupta,Female,42,Corporate,Chennai,Tamil Nadu,South,2023-02-18
C01367,Sanya Kumar,Female,61,Small Business,Ahmedabad,Gujarat,West,2023-12-16
C01368,Pooja Mehta,Female,66,Small Business,Ahmedabad,Gujarat,West,2022-10-19
C01369,Meera Kumar,Female,30,Small Business,Chandigarh,Chandigarh,North,2022-06-14
C01370,Neha Kumar,Female,57,Consumer,Chennai,Tamil Nadu,South,2025-05-17
C01371,Kabir Sharma,Female,68,Corporate,Guwahati,Assam,East,2022-11-17
C01372,Arjun Mehta,Female,42,Consumer,Pune,Maharashtra,West,2023-04-17
C01373,Kabir Jain,Male,36,Corporate,Meerut,Uttar Pradesh,North,2023-08-13
C01374,Kavya Bansal,Female,20,Small Business,Pune,Maharashtra,West,2025-06-06
C01375,Meera Kapoor,Female,35,Consumer,Guwahati,Assam,East,2024-09-02
C01376,Ayaan Jain,Female,50,Small Business,Pune,Maharashtra,West,2024-08-23
C01377,Aditya Chaudhary,Female,22,Small Business,Chandigarh,Chandigarh,North,2022-05-07
C01378,Ayaan Kapoor,Male,48,Small Business,Patna,Bihar,East,2022-10-02
C01379,Priya Verma,Male,47,Consumer,Chennai,Tamil Nadu,South,2024-10-13
C01380,Aarav Singh,Male,40,Consumer,Kolkata,West Bengal,East,2024-04-23
C01381,Simran Kumar,Male,48,Consumer,Chennai,Tamil Nadu,South,2024-11-05
C01382,Aditya Malhotra,Male,18,Corporate,Meerut,Uttar Pradesh,North,2023-04-03
C01383,Riya Mehta,Female,59,Consumer,Bengaluru,Karnataka,South,2023-10-05
C01384,Tanya Singh,Male,55,Consumer,Mumbai,Maharashtra,West,2025-05-01
C01385,Ananya Jain,Female,18,Corporate,Hyderabad,Telangana,South,2023-09-12
C01386,Neha Singh,Female,28,Corporate,Bhubaneswar,Odisha,East,2023-08-26
C01387,Riya Jain,Female,27,Small Business,Kolkata,West Bengal,East,2023-09-07
C01388,Tanya Verma,Male,20,Small Business,Delhi,Delhi,North,2025-09-22
C01389,Priya Malhotra,Female,21,Small Business,Guwahati,Assam,East,2025-05-10
C01390,Simran Verma,Female,42,Small Business,Jaipur,Rajasthan,North,2025-07-02
C01391,Pooja Verma,Female,63,Corporate,Patna,Bihar,East,2025-11-25
C01392,Simran Mehta,Male,21,Consumer,Bhubaneswar,Odisha,East,2025-11-23
C01393,Pooja Verma,Female,19,Small Business,Chennai,Tamil Nadu,South,2022-11-01
C01394,Simran Mishra,Female,45,Consumer,Bengaluru,Karnataka,South,2022-08-17
C01395,Ayaan Chaudhary,Female,35,Consumer,Chennai,Tamil Nadu,South,2024-03-12
C01396,Ananya Verma,Female,56,Corporate,Pune,Maharashtra,West,2022-10-29
C01397,Tanya Sharma,Female,22,Consumer,Kolkata,West Bengal,East,2022-04-02
C01398,Riya Gupta,Male,68,Consumer,Guwahati,Assam,East,2023-09-06
C01399,Pooja Sharma,Female,19,Consumer,Surat,Gujarat,West,2024-06-26
C01400,Priya Mishra,Female,57,Consumer,Hyderabad,Telangana,South,2022-07-31
C01401,Arjun Gupta,Female,39,Corporate,Kochi,Kerala,South,2023-08-20
C01402,Aditya Mehta,Male,35,Corporate,Jaipur,Rajasthan,North,2023-08-13
C01403,Ayaan Mishra,Female,45,Consumer,Chennai,Tamil Nadu,South,2023-08-23
C01404,Riya Kumar,Male,59,Consumer,Bhubaneswar,Odisha,East,2024-09-03
C01405,Tanya Mishra,Female,62,Small Business,Patna,Bihar,East,2023-02-04
C01406,Aisha Jain,Male,49,Small Business,Pune,Maharashtra,West,2024-09-08
C01407,Meera Verma,Male,63,Consumer,Chennai,Tamil Nadu,South,2022-04-08
C01408,Riya Jain,Female,68,Corporate,Bengaluru,Karnataka,South,2024-12-16
C01409,Tanya Mishra,Male,27,Small Business,Bengaluru,Karnataka,South,2024-07-27
C01410,Neha Gupta,Male,60,Corporate,Patna,Bihar,East,2024-10-08
C01411,Kabir Bansal,Female,67,Consumer,Surat,Gujarat,West,2022-07-10
C01412,Kabir Singh,Male,27,Consumer,Kolkata,West Bengal,East,2024-01-26
C01413,Vivaan Kapoor,Female,41,Small Business,Surat,Gujarat,West,2022-02-02
C01414,Aisha Gupta,Female,35,Consumer,Delhi,Delhi,North,2025-06-17
C01415,Neha Singh,Female,52,Consumer,Hyderabad,Telangana,South,2024-03-23
C01416,Aditya Kapoor,Male,61,Corporate,Jaipur,Rajasthan,North,2024-12-25
C01417,Aisha Sharma,Female,64,Small Business,Jaipur,Rajasthan,North,2025-08-17
C01418,Pooja Mishra,Male,49,Consumer,Bengaluru,Karnataka,South,2024-04-30
C01419,Sanya Singh,Female,48,Corporate,Surat,Gujarat,West,2023-06-15
C01420,Ananya Chaudhary,Male,42,Corporate,Meerut,Uttar Pradesh,North,2023-07-17
C01421,Tanya Gupta,Male,44,Consumer,Ahmedabad,Gujarat,West,2024-05-28
C01422,Simran Jain,Female,55,Consumer,Jaipur,Rajasthan,North,2022-11-09
C01423,Ananya Jain,Male,58,Small Business,Guwahati,Assam,East,2022-09-29
C01424,Rohan Sharma,Male,22,Small Business,Meerut,Uttar Pradesh,North,2022-03-06
C01425,Meera Jain,Male,41,Corporate,Meerut,Uttar Pradesh,North,2022-06-25
C01426,Pooja Gupta,Female,41,Consumer,Patna,Bihar,East,2024-03-11
C01427,Riya Malhotra,Male,27,Small Business,Jaipur,Rajasthan,North,2023-12-18
C01428,Tanya Jain,Male,19,Consumer,Kolkata,West Bengal,East,2024-01-27
C01429,Rohan Sharma,Female,38,Corporate,Pune,Maharashtra,West,2022-05-28
C01430,Meera Gupta,Male,55,Small Business,Meerut,Uttar Pradesh,North,2023-12-03
C01431,Diya Malhotra,Male,26,Small Business,Delhi,Delhi,North,2025-09-10
C01432,Ayaan Bansal,Male,64,Corporate,Surat,Gujarat,West,2024-03-13
C01433,Kavya Malhotra,Female,63,Consumer,Hyderabad,Telangana,South,2022-08-17
C01434,Priya Mehta,Female,54,Corporate,Kochi,Kerala,South,2024-09-20
C01435,Kavya Gupta,Female,60,Small Business,Meerut,Uttar Pradesh,North,2023-09-23
C01436,Meera Kapoor,Male,51,Consumer,Guwahati,Assam,East,2023-01-25
C01437,Sanya Bansal,Female,36,Consumer,Bhubaneswar,Odisha,East,2026-01-06
C01438,Riya Bansal,Female,43,Small Business,Bhubaneswar,Odisha,East,2025-10-10
C01439,Pooja Malhotra,Female,29,Consumer,Bengaluru,Karnataka,South,2025-02-13
C01440,Riya Chaudhary,Male,54,Consumer,Meerut,Uttar Pradesh,North,2025-11-18
C01441,Aditya Gupta,Female,25,Small Business,Bengaluru,Karnataka,South,2024-08-01
C01442,Tanya Malhotra,Male,44,Small Business,Delhi,Delhi,North,2025-08-23
C01443,Ayaan Bansal,Female,53,Consumer,Bengaluru,Karnataka,South,2022-01-09
C01444,Kavya Mehta,Male,68,Consumer,Chennai,Tamil Nadu,South,2022-04-11
C01445,Pooja Verma,Male,58,Corporate,Guwahati,Assam,East,2022-05-29
C01446,Sanya Chaudhary,Female,25,Corporate,Bengaluru,Karnataka,South,2022-07-10
C01447,Arjun Singh,Male,29,Consumer,Kolkata,West Bengal,East,2026-02-04
C01448,Pooja Verma,Male,57,Small Business,Delhi,Delhi,North,2023-07-16
C01449,Neha Verma,Female,37,Small Business,Delhi,Delhi,North,2023-06-30
C01450,Meera Sharma,Male,39,Small Business,Bengaluru,Karnataka,South,2023-10-20
C01451,Meera Jain,Male,39,Consumer,Patna,Bihar,East,2025-10-31
C01452,Riya Verma,Male,28,Consumer,Jaipur,Rajasthan,North,2025-01-20
C01453,Sanya Gupta,Male,64,Consumer,Kochi,Kerala,South,2025-06-06
C01454,Ayaan Bansal,Female,66,Small Business,Kochi,Kerala,South,2025-12-14
C01455,Ananya Singh,Female,44,Corporate,Bengaluru,Karnataka,South,2025-11-16
C01456,Tanya Chaudhary,Female,32,Consumer,Hyderabad,Telangana,South,2022-08-14
C01457,Rohan Mehta,Male,45,Small Business,Chandigarh,Chandigarh,North,2022-03-26
C01458,Arjun Malhotra,Female,53,Consumer,Bengaluru,Karnataka,South,2023-07-14
C01459,Vivaan Mehta,Female,25,Consumer,Chennai,Tamil Nadu,South,2022-10-12
C01460,Diya Kapoor,Female,26,Small Business,Kolkata,West Bengal,East,2022-09-19
C01461,Aditya Jain,Male,50,Corporate,Mumbai,Maharashtra,West,2026-01-20
C01462,Neha Chaudhary,Female,36,Corporate,Jaipur,Rajasthan,North,2023-04-11
C01463,Ishaan Kumar,Female,64,Corporate,Guwahati,Assam,East,2025-03-01
C01464,Aisha Sharma,Female,62,Consumer,Delhi,Delhi,North,2022-09-04
C01465,Aditya Bansal,Female,68,Corporate,Bhubaneswar,Odisha,East,2022-06-12
C01466,Simran Singh,Female,45,Corporate,Mumbai,Maharashtra,West,2023-07-01
C01467,Riya Kapoor,Male,48,Corporate,Bhubaneswar,Odisha,East,2025-09-13
C01468,Vivaan Malhotra,Female,21,Corporate,Pune,Maharashtra,West,2024-09-29
C01469,Diya Mehta,Female,30,Small Business,Pune,Maharashtra,West,2025-02-02
C01470,Sanya Gupta,Female,58,Corporate,Bhubaneswar,Odisha,East,2023-10-14
C01471,Tanya Jain,Male,45,Corporate,Mumbai,Maharashtra,West,2025-01-01
C01472,Vivaan Malhotra,Male,63,Corporate,Delhi,Delhi,North,2022-12-21
C01473,Ananya Bansal,Male,27,Corporate,Guwahati,Assam,East,2024-11-03
C01474,Aditya Malhotra,Male,26,Corporate,Chennai,Tamil Nadu,South,2025-02-23
C01475,Riya Sharma,Female,35,Corporate,Pune,Maharashtra,West,2024-02-17
C01476,Tanya Chaudhary,Female,33,Corporate,Meerut,Uttar Pradesh,North,2022-03-16
C01477,Diya Singh,Male,25,Corporate,Meerut,Uttar Pradesh,North,2023-08-31
C01478,Riya Gupta,Female,29,Corporate,Patna,Bihar,East,2022-01-10
C01479,Meera Mishra,Male,27,Corporate,Kolkata,West Bengal,East,2023-10-04
C01480,Ishaan Mehta,Female,49,Small Business,Delhi,Delhi,North,2023-10-29
C01481,Diya Kapoor,Male,56,Consumer,Patna,Bihar,East,2022-08-14
C01482,Meera Mishra,Male,53,Small Business,Guwahati,Assam,East,2023-03-10
C01483,Aisha Gupta,Female,44,Small Business,Delhi,Delhi,North,2024-05-02
C01484,Aarav Malhotra,Female,33,Small Business,Surat,Gujarat,West,2022-12-07
C01485,Neha Malhotra,Female,57,Consumer,Jaipur,Rajasthan,North,2025-10-05
C01486,Kabir Mehta,Female,43,Corporate,Jaipur,Rajasthan,North,2025-11-21
C01487,Aarav Mehta,Female,65,Small Business,Bhubaneswar,Odisha,East,2024-06-14
C01488,Kavya Gupta,Male,68,Consumer,Ahmedabad,Gujarat,West,2024-10-06
C01489,Rohan Gupta,Female,52,Consumer,Bengaluru,Karnataka,South,2025-05-25
C01490,Pooja Verma,Female,36,Corporate,Bengaluru,Karnataka,South,2023-08-12
C01491,Aisha Gupta,Female,55,Corporate,Pune,Maharashtra,West,2025-06-05
C01492,Ishaan Sharma,Male,52,Small Business,Delhi,Delhi,North,2022-12-09
C01493,Ayaan Singh,Female,51,Small Business,Guwahati,Assam,East,2024-01-17
C01494,Pooja Jain,Male,20,Corporate,Guwahati,Assam,East,2023-06-22
C01495,Rohan Singh,Female,68,Small Business,Chennai,Tamil Nadu,South,2022-12-07
C01496,Riya Verma,Male,48,Small Business,Surat,Gujarat,West,2023-08-14
C01497,Arjun Mehta,Male,51,Small Business,Meerut,Uttar Pradesh,North,2023-06-16
C01498,Tanya Sharma,Female,36,Consumer,Kolkata,West Bengal,East,2023-10-02
C01499,Ishaan Kapoor,Female,42,Small Business,Kolkata,West Bengal,East,2025-06-11
C01500,Kabir Mishra,Male,36,Small Business,Hyderabad,Telangana,South,2025-05-14
C01501,Diya Singh,Female,63,Corporate,Pune,Maharashtra,West,2022-01-06
C01502,Riya Bansal,Female,58,Corporate,Pune,Maharashtra,West,2023-09-07
C01503,Pooja Sharma,Female,68,Consumer,Hyderabad,Telangana,South,2022-09-21
C01504,Simran Chaudhary,Female,53,Consumer,Delhi,Delhi,North,2022-12-29
C01505,Kavya Kapoor,Female,18,Small Business,Jaipur,Rajasthan,North,2023-11-29
C01506,Pooja Bansal,Female,29,Corporate,Surat,Gujarat,West,2023-10-10
C01507,Ananya Kapoor,Female,44,Corporate,Kochi,Kerala,South,2023-07-10
C01508,Priya Chaudhary,Female,44,Corporate,Mumbai,Maharashtra,West,2024-04-20
C01509,Tanya Bansal,Female,24,Corporate,Chennai,Tamil Nadu,South,2022-07-31
C01510,Priya Kapoor,Male,43,Small Business,Chandigarh,Chandigarh,North,2023-12-04
C01511,Pooja Mishra,Female,43,Consumer,Jaipur,Rajasthan,North,2025-09-21
C01512,Vivaan Singh,Male,39,Consumer,Guwahati,Assam,East,2022-08-15
C01513,Simran Kumar,Female,22,Consumer,Chennai,Tamil Nadu,South,2024-09-16
C01514,Ananya Verma,Female,20,Corporate,Chennai,Tamil Nadu,South,2025-02-15
C01515,Aarav Mehta,Female,67,Corporate,Bengaluru,Karnataka,South,2024-03-19
C01516,Tanya Malhotra,Male,67,Small Business,Jaipur,Rajasthan,North,2024-04-05
C01517,Tanya Bansal,Female,51,Consumer,Jaipur,Rajasthan,North,2023-02-27
C01518,Diya Gupta,Female,24,Small Business,Meerut,Uttar Pradesh,North,2022-10-03
C01519,Neha Mishra,Female,37,Small Business,Chennai,Tamil Nadu,South,2024-08-09
C01520,Diya Chaudhary,Female,45,Corporate,Bhubaneswar,Odisha,East,2023-12-18
C01521,Priya Verma,Female,44,Small Business,Patna,Bihar,East,2025-08-07
C01522,Tanya Kumar,Female,38,Small Business,Bengaluru,Karnataka,South,2022-11-08
C01523,Kavya Bansal,Female,48,Consumer,Bhubaneswar,Odisha,East,2024-07-20
C01524,Kabir Singh,Female,47,Corporate,Hyderabad,Telangana,South,2023-11-13
C01525,Ayaan Kapoor,Male,26,Small Business,Jaipur,Rajasthan,North,2025-03-19
C01526,Simran Kapoor,Male,47,Small Business,Bengaluru,Karnataka,South,2025-04-25
C01527,Diya Jain,Male,62,Corporate,Chennai,Tamil Nadu,South,2024-02-10
C01528,Ayaan Mehta,Male,49,Consumer,Ahmedabad,Gujarat,West,2022-06-13
C01529,Arjun Kapoor,Female,20,Consumer,Bhubaneswar,Odisha,East,2023-09-06
C01530,Vivaan Kapoor,Female,32,Consumer,Hyderabad,Telangana,South,2024-03-24
C01531,Simran Malhotra,Female,64,Small Business,Surat,Gujarat,West,2023-09-21
C01532,Tanya Chaudhary,Male,28,Corporate,Meerut,Uttar Pradesh,North,2025-03-27
C01533,Riya Kumar,Female,30,Consumer,Hyderabad,Telangana,South,2023-07-17
C01534,Arjun Jain,Female,46,Small Business,Chandigarh,Chandigarh,North,2023-03-07
C01535,Ananya Mehta,Female,22,Small Business,Surat,Gujarat,West,2022-06-24
C01536,Aditya Verma,Male,18,Small Business,Guwahati,Assam,East,2024-04-23
C01537,Vivaan Mehta,Female,61,Corporate,Chandigarh,Chandigarh,North,2022-11-06
C01538,Arjun Kumar,Male,54,Consumer,Meerut,Uttar Pradesh,North,2024-03-09
C01539,Tanya Sharma,Female,20,Small Business,Pune,Maharashtra,West,2023-10-06
C01540,Meera Mehta,Female,59,Corporate,Mumbai,Maharashtra,West,2022-11-10
C01541,Ishaan Bansal,Female,45,Small Business,Bengaluru,Karnataka,South,2024-11-21
C01542,Ayaan Verma,Male,52,Consumer,Mumbai,Maharashtra,West,2022-11-29
C01543,Aisha Malhotra,Male,39,Consumer,Chandigarh,Chandigarh,North,2023-01-15
C01544,Priya Verma,Male,45,Corporate,Patna,Bihar,East,2023-03-13
C01545,Kavya Bansal,Female,46,Corporate,Pune,Maharashtra,West,2023-11-16
C01546,Ishaan Bansal,Female,19,Corporate,Ahmedabad,Gujarat,West,2023-09-20
C01547,Riya Mishra,Male,34,Consumer,Chandigarh,Chandigarh,North,2024-10-24
C01548,Arjun Chaudhary,Male,51,Corporate,Meerut,Uttar Pradesh,North,2024-11-22
C01549,Ishaan Bansal,Female,52,Small Business,Delhi,Delhi,North,2023-08-19
C01550,Kavya Mehta,Female,60,Small Business,Kochi,Kerala,South,2023-08-25
C01551,Ayaan Sharma,Male,36,Corporate,Jaipur,Rajasthan,North,2023-01-15
C01552,Diya Chaudhary,Female,24,Consumer,Mumbai,Maharashtra,West,2025-05-11
C01553,Vivaan Sharma,Female,30,Consumer,Guwahati,Assam,East,2024-10-26
C01554,Aisha Bansal,Female,29,Consumer,Meerut,Uttar Pradesh,North,2023-01-16
C01555,Sanya Chaudhary,Female,59,Small Business,Delhi,Delhi,North,2022-06-12
C01556,Ananya Mishra,Female,51,Small Business,Bhubaneswar,Odisha,East,2024-07-30
C01557,Aarav Jain,Male,19,Corporate,Patna,Bihar,East,2025-09-23
C01558,Kabir Jain,Male,62,Corporate,Chandigarh,Chandigarh,North,2022-06-23
C01559,Rohan Bansal,Female,49,Small Business,Jaipur,Rajasthan,North,2022-04-12
C01560,Rohan Jain,Female,51,Corporate,Hyderabad,Telangana,South,2025-01-25
C01561,Tanya Chaudhary,Female,46,Small Business,Mumbai,Maharashtra,West,2022-09-23
C01562,Aarav Verma,Male,28,Small Business,Chennai,Tamil Nadu,South,2025-06-22
C01563,Vivaan Verma,Female,46,Corporate,Kolkata,West Bengal,East,2023-09-27
C01564,Diya Mehta,Female,18,Corporate,Chennai,Tamil Nadu,South,2023-09-11
C01565,Kabir Chaudhary,Female,41,Corporate,Pune,Maharashtra,West,2023-12-28
C01566,Diya Chaudhary,Female,64,Small Business,Bengaluru,Karnataka,South,2025-06-27
C01567,Rohan Mehta,Female,29,Small Business,Jaipur,Rajasthan,North,2023-07-08
C01568,Vivaan Kumar,Male,20,Consumer,Bengaluru,Karnataka,South,2022-03-19
C01569,Ayaan Chaudhary,Female,68,Small Business,Chennai,Tamil Nadu,South,2022-07-27
C01570,Ananya Jain,Male,41,Small Business,Delhi,Delhi,North,2023-09-13
C01571,Ananya Malhotra,Female,31,Consumer,Bengaluru,Karnataka,South,2023-01-23
C01572,Tanya Sharma,Male,29,Small Business,Guwahati,Assam,East,2023-06-14
C01573,Kavya Malhotra,Female,27,Consumer,Pune,Maharashtra,West,2022-02-11
C01574,Ayaan Chaudhary,Female,41,Corporate,Delhi,Delhi,North,2023-06-02
C01575,Aarav Jain,Male,59,Consumer,Ahmedabad,Gujarat,West,2023-10-28
C01576,Pooja Jain,Male,32,Small Business,Bhubaneswar,Odisha,East,2023-04-10
C01577,Neha Sharma,Male,57,Consumer,Kolkata,West Bengal,East,2022-07-20
C01578,Ananya Gupta,Female,40,Corporate,Pune,Maharashtra,West,2025-09-06
C01579,Sanya Jain,Male,48,Small Business,Ahmedabad,Gujarat,West,2024-04-25
C01580,Aarav Kapoor,Female,42,Corporate,Pune,Maharashtra,West,2025-09-27
C01581,Sanya Mehta,Male,41,Corporate,Kolkata,West Bengal,East,2024-01-16
C01582,Riya Mishra,Female,25,Corporate,Jaipur,Rajasthan,North,2025-09-29
C01583,Ayaan Mehta,Male,63,Consumer,Mumbai,Maharashtra,West,2025-02-03
C01584,Rohan Sharma,Male,48,Corporate,Delhi,Delhi,North,2022-06-10
C01585,Ananya Kumar,Female,32,Small Business,Chandigarh,Chandigarh,North,2022-03-17
C01586,Aditya Verma,Female,30,Small Business,Chandigarh,Chandigarh,North,2024-12-25
C01587,Kavya Chaudhary,Female,25,Consumer,Chandigarh,Chandigarh,North,2026-01-28
C01588,Ananya Mehta,Female,56,Small Business,Delhi,Delhi,North,2024-07-28
C01589,Kabir Singh,Male,55,Consumer,Pune,Maharashtra,West,2024-10-21
C01590,Ananya Singh,Female,64,Small Business,Delhi,Delhi,North,2022-10-30
C01591,Aisha Singh,Male,49,Corporate,Patna,Bihar,East,2023-04-14
C01592,Kavya Kumar,Female,32,Consumer,Hyderabad,Telangana,South,2025-08-22
C01593,Sanya Jain,Female,38,Corporate,Hyderabad,Telangana,South,2023-09-01
C01594,Ayaan Malhotra,Male,43,Consumer,Bengaluru,Karnataka,South,2025-02-18
C01595,Aisha Kumar,Female,45,Consumer,Ahmedabad,Gujarat,West,2023-05-29
C01596,Neha Gupta,Female,58,Small Business,Pune,Maharashtra,West,2024-10-20
C01597,Neha Malhotra,Female,18,Corporate,Bhubaneswar,Odisha,East,2022-03-15
C01598,Tanya Mehta,Female,38,Corporate,Pune,Maharashtra,West,2024-09-12
C01599,Riya Gupta,Female,59,Small Business,Patna,Bihar,East,2024-04-19
C01600,Ananya Malhotra,Female,26,Corporate,Kolkata,West Bengal,East,2023-01-25
C01601,Vivaan Bansal,Male,32,Small Business,Chennai,Tamil Nadu,South,2024-06-30
C01602,Simran Singh,Male,53,Small Business,Mumbai,Maharashtra,West,2022-12-19
C01603,Ananya Mishra,Female,66,Consumer,Surat,Gujarat,West,2022-01-17
C01604,Vivaan Bansal,Female,30,Small Business,Chandigarh,Chandigarh,North,2025-03-05
C01605,Arjun Bansal,Male,21,Small Business,Kolkata,West Bengal,East,2025-08-19
C01606,Simran Kapoor,Female,27,Small Business,Surat,Gujarat,West,2024-03-28
C01607,Aarav Jain,Male,53,Corporate,Surat,Gujarat,West,2025-02-16
C01608,Ishaan Jain,Female,34,Corporate,Mumbai,Maharashtra,West,2022-12-20
C01609,Ananya Bansal,Male,67,Small Business,Jaipur,Rajasthan,North,2022-12-20
C01610,Simran Chaudhary,Female,21,Small Business,Delhi,Delhi,North,2025-07-17
C01611,Priya Gupta,Male,46,Consumer,Guwahati,Assam,East,2025-07-23
C01612,Kabir Jain,Male,32,Small Business,Pune,Maharashtra,West,2023-05-26
C01613,Meera Gupta,Female,22,Small Business,Guwahati,Assam,East,2024-11-07
C01614,Ayaan Gupta,Male,45,Small Business,Surat,Gujarat,West,2023-12-27
C01615,Sanya Mehta,Female,38,Corporate,Bengaluru,Karnataka,South,2025-05-13
C01616,Aisha Verma,Male,54,Small Business,Chennai,Tamil Nadu,South,2024-02-15
C01617,Rohan Verma,Female,29,Consumer,Patna,Bihar,East,2025-07-27
C01618,Ayaan Verma,Female,36,Corporate,Kochi,Kerala,South,2023-04-25
C01619,Kavya Malhotra,Female,66,Small Business,Patna,Bihar,East,2023-07-19
C01620,Priya Sharma,Female,37,Corporate,Patna,Bihar,East,2022-03-27
C01621,Priya Singh,Male,55,Small Business,Ahmedabad,Gujarat,West,2022-11-26
C01622,Rohan Bansal,Female,65,Consumer,Pune,Maharashtra,West,2023-03-09
C01623,Sanya Mehta,Female,20,Consumer,Chennai,Tamil Nadu,South,2022-09-29
C01624,Aisha Mishra,Male,52,Corporate,Chandigarh,Chandigarh,North,2025-07-04
C01625,Kabir Gupta,Male,45,Consumer,Bengaluru,Karnataka,South,2022-06-04
C01626,Aarav Bansal,Male,40,Corporate,Surat,Gujarat,West,2023-05-12
C01627,Aditya Sharma,Male,26,Small Business,Chennai,Tamil Nadu,South,2024-06-27
C01628,Aarav Sharma,Female,58,Corporate,Surat,Gujarat,West,2023-12-19
C01629,Riya Singh,Male,44,Consumer,Delhi,Delhi,North,2025-01-28
C01630,Ishaan Singh,Female,33,Consumer,Delhi,Delhi,North,2024-05-10
C01631,Aarav Sharma,Male,26,Consumer,Ahmedabad,Gujarat,West,2024-07-01
C01632,Vivaan Verma,Male,28,Corporate,Kochi,Kerala,South,2024-02-22
C01633,Aisha Verma,Male,49,Corporate,Pune,Maharashtra,West,2024-02-12
C01634,Priya Jain,Female,64,Corporate,Mumbai,Maharashtra,West,2022-11-11
C01635,Tanya Chaudhary,Female,43,Small Business,Meerut,Uttar Pradesh,North,2025-11-07
C01636,Simran Gupta,Male,58,Corporate,Pune,Maharashtra,West,2023-07-31
C01637,Priya Bansal,Male,28,Consumer,Bengaluru,Karnataka,South,2023-12-11
C01638,Ishaan Kapoor,Male,47,Consumer,Mumbai,Maharashtra,West,2022-10-02
C01639,Priya Singh,Female,59,Corporate,Patna,Bihar,East,2022-05-25
C01640,Ishaan Singh,Male,48,Small Business,Delhi,Delhi,North,2022-07-15
C01641,Aditya Mishra,Male,31,Small Business,Bhubaneswar,Odisha,East,2024-10-14
C01642,Priya Mehta,Female,66,Small Business,Chandigarh,Chandigarh,North,2025-04-09
C01643,Tanya Chaudhary,Male,36,Corporate,Pune,Maharashtra,West,2022-12-01
C01644,Sanya Mishra,Male,50,Corporate,Mumbai,Maharashtra,West,2023-04-09
C01645,Neha Chaudhary,Male,64,Corporate,Pune,Maharashtra,West,2022-05-15
C01646,Aisha Mehta,Male,57,Small Business,Bengaluru,Karnataka,South,2023-12-07
C01647,Meera Bansal,Female,18,Corporate,Pune,Maharashtra,West,2022-07-27
C01648,Ayaan Kapoor,Female,32,Consumer,Bengaluru,Karnataka,South,2025-10-27
C01649,Sanya Jain,Male,21,Corporate,Ahmedabad,Gujarat,West,2024-06-05
C01650,Kabir Kapoor,Male,22,Small Business,Guwahati,Assam,East,2022-06-09
C01651,Kabir Mishra,Female,19,Small Business,Meerut,Uttar Pradesh,North,2023-10-07
C01652,Aisha Verma,Female,21,Corporate,Surat,Gujarat,West,2024-11-23
C01653,Sanya Sharma,Male,68,Small Business,Jaipur,Rajasthan,North,2024-04-23
C01654,Kavya Singh,Male,20,Consumer,Surat,Gujarat,West,2022-03-26
C01655,Riya Verma,Female,60,Corporate,Kolkata,West Bengal,East,2024-11-19
C01656,Priya Sharma,Male,21,Corporate,Surat,Gujarat,West,2023-10-22
C01657,Kabir Mehta,Female,44,Consumer,Mumbai,Maharashtra,West,2022-10-24
C01658,Ayaan Kumar,Male,52,Small Business,Bengaluru,Karnataka,South,2025-03-19
C01659,Neha Bansal,Male,60,Small Business,Kochi,Kerala,South,2022-04-25
C01660,Rohan Verma,Female,33,Small Business,Meerut,Uttar Pradesh,North,2022-03-10
C01661,Ishaan Mishra,Male,65,Small Business,Chandigarh,Chandigarh,North,2025-04-21
C01662,Tanya Sharma,Female,47,Small Business,Hyderabad,Telangana,South,2022-07-08
C01663,Meera Kumar,Male,24,Consumer,Mumbai,Maharashtra,West,2024-03-03
C01664,Aisha Kumar,Male,50,Corporate,Surat,Gujarat,West,2025-03-02
C01665,Ananya Kapoor,Female,58,Small Business,Chennai,Tamil Nadu,South,2024-08-11
C01666,Simran Singh,Female,49,Consumer,Hyderabad,Telangana,South,2022-02-03
C01667,Neha Mishra,Male,29,Consumer,Bhubaneswar,Odisha,East,2025-07-04
C01668,Aditya Singh,Female,68,Consumer,Ahmedabad,Gujarat,West,2024-04-07
C01669,Aditya Kumar,Male,27,Consumer,Surat,Gujarat,West,2022-03-19
C01670,Arjun Bansal,Male,44,Small Business,Chennai,Tamil Nadu,South,2022-02-17
C01671,Ishaan Gupta,Male,62,Consumer,Patna,Bihar,East,2024-12-10
C01672,Neha Jain,Male,24,Consumer,Delhi,Delhi,North,2022-10-23
C01673,Priya Kapoor,Female,27,Corporate,Mumbai,Maharashtra,West,2022-01-06
C01674,Arjun Mishra,Female,68,Corporate,Surat,Gujarat,West,2022-09-11
C01675,Ishaan Malhotra,Male,58,Corporate,Jaipur,Rajasthan,North,2022-08-07
C01676,Aarav Sharma,Female,64,Consumer,Delhi,Delhi,North,2025-08-28
C01677,Diya Mehta,Male,37,Consumer,Surat,Gujarat,West,2022-10-13
C01678,Meera Jain,Female,47,Corporate,Kolkata,West Bengal,East,2023-03-03
C01679,Rohan Singh,Male,33,Corporate,Kolkata,West Bengal,East,2024-03-14
C01680,Aisha Verma,Male,46,Small Business,Kochi,Kerala,South,2025-01-24
C01681,Meera Singh,Female,49,Corporate,Bengaluru,Karnataka,South,2025-05-15
C01682,Riya Kumar,Female,48,Small Business,Kolkata,West Bengal,East,2024-10-02
C01683,Pooja Sharma,Female,23,Corporate,Pune,Maharashtra,West,2024-10-05
C01684,Arjun Sharma,Male,45,Small Business,Pune,Maharashtra,West,2024-10-31
C01685,Ananya Jain,Male,41,Small Business,Surat,Gujarat,West,2025-03-28
C01686,Aditya Mishra,Male,29,Corporate,Jaipur,Rajasthan,North,2022-02-08
C01687,Rohan Singh,Male,18,Small Business,Bhubaneswar,Odisha,East,2022-01-08
C01688,Rohan Mishra,Female,22,Consumer,Bengaluru,Karnataka,South,2022-11-23
C01689,Meera Bansal,Female,27,Consumer,Chandigarh,Chandigarh,North,2023-12-03
C01690,Ayaan Sharma,Male,66,Consumer,Patna,Bihar,East,2022-05-17
C01691,Vivaan Mehta,Male,49,Small Business,Chennai,Tamil Nadu,South,2025-04-16
C01692,Simran Kumar,Male,46,Consumer,Chandigarh,Chandigarh,North,2025-07-21
C01693,Aarav Mishra,Male,37,Consumer,Meerut,Uttar Pradesh,North,2024-09-22
C01694,Ishaan Kapoor,Male,39,Small Business,Chennai,Tamil Nadu,South,2023-04-06
C01695,Vivaan Jain,Female,61,Small Business,Bengaluru,Karnataka,South,2023-04-10
C01696,Meera Sharma,Male,45,Consumer,Surat,Gujarat,West,2022-09-27
C01697,Kavya Chaudhary,Male,25,Small Business,Hyderabad,Telangana,South,2023-02-15
C01698,Ayaan Singh,Female,60,Small Business,Chandigarh,Chandigarh,North,2022-04-21
C01699,Tanya Jain,Male,43,Corporate,Surat,Gujarat,West,2022-02-21
C01700,Priya Jain,Female,48,Corporate,Patna,Bihar,East,2023-05-12
C01701,Aisha Verma,Female,19,Small Business,Hyderabad,Telangana,South,2026-02-06
C01702,Neha Kumar,Male,39,Small Business,Mumbai,Maharashtra,West,2024-08-12
C01703,Ananya Verma,Male,25,Consumer,Bengaluru,Karnataka,South,2022-04-21
C01704,Pooja Mishra,Male,58,Consumer,Patna,Bihar,East,2022-03-08
C01705,Diya Kumar,Female,64,Corporate,Kolkata,West Bengal,East,2024-07-03
C01706,Diya Mehta,Female,24,Small Business,Patna,Bihar,East,2022-08-06
C01707,Pooja Malhotra,Female,39,Consumer,Pune,Maharashtra,West,2025-09-17
C01708,Priya Chaudhary,Female,54,Consumer,Hyderabad,Telangana,South,2023-09-16
C01709,Priya Kapoor,Female,54,Consumer,Kochi,Kerala,South,2025-03-24
C01710,Sanya Malhotra,Female,21,Consumer,Bhubaneswar,Odisha,East,2025-05-07
C01711,Sanya Singh,Female,67,Consumer,Surat,Gujarat,West,2025-08-12
C01712,Aisha Mishra,Male,33,Consumer,Surat,Gujarat,West,2025-10-25
C01713,Vivaan Singh,Male,59,Consumer,Bhubaneswar,Odisha,East,2025-08-24
C01714,Aditya Gupta,Female,27,Small Business,Guwahati,Assam,East,2024-07-28
C01715,Priya Kumar,Male,25,Corporate,Bengaluru,Karnataka,South,2025-12-29
C01716,Sanya Mishra,Female,23,Small Business,Kochi,Kerala,South,2024-09-23
C01717,Kabir Malhotra,Female,68,Corporate,Mumbai,Maharashtra,West,2024-03-13
C01718,Arjun Mishra,Female,64,Corporate,Hyderabad,Telangana,South,2025-12-14
C01719,Riya Singh,Male,48,Consumer,Kochi,Kerala,South,2024-01-28
C01720,Meera Jain,Male,59,Consumer,Meerut,Uttar Pradesh,North,2025-01-01
C01721,Aisha Jain,Female,61,Consumer,Kochi,Kerala,South,2025-03-18
C01722,Simran Gupta,Male,19,Consumer,Pune,Maharashtra,West,2022-05-15
C01723,Kabir Singh,Female,53,Corporate,Surat,Gujarat,West,2025-06-27
C01724,Sanya Mehta,Female,64,Consumer,Mumbai,Maharashtra,West,2025-09-22
C01725,Riya Bansal,Male,64,Corporate,Guwahati,Assam,East,2024-05-30
C01726,Tanya Sharma,Male,68,Corporate,Pune,Maharashtra,West,2022-02-12
C01727,Pooja Mishra,Male,19,Corporate,Hyderabad,Telangana,South,2022-03-20
C01728,Arjun Gupta,Male,48,Consumer,Kochi,Kerala,South,2025-12-16
C01729,Tanya Malhotra,Male,49,Corporate,Kolkata,West Bengal,East,2023-02-24
C01730,Sanya Mishra,Female,23,Small Business,Jaipur,Rajasthan,North,2023-10-28
C01731,Tanya Gupta,Male,29,Consumer,Bhubaneswar,Odisha,East,2025-06-03
C01732,Neha Mishra,Male,22,Corporate,Bhubaneswar,Odisha,East,2024-10-12
C01733,Tanya Gupta,Female,51,Corporate,Chandigarh,Chandigarh,North,2024-09-06
C01734,Kavya Mehta,Male,36,Consumer,Delhi,Delhi,North,2024-07-20
C01735,Vivaan Mishra,Female,52,Corporate,Patna,Bihar,East,2023-04-11
C01736,Ayaan Bansal,Female,33,Small Business,Kolkata,West Bengal,East,2023-08-22
C01737,Ishaan Sharma,Female,41,Consumer,Chandigarh,Chandigarh,North,2022-06-15
C01738,Aisha Gupta,Male,39,Corporate,Kolkata,West Bengal,East,2023-08-27
C01739,Aisha Kumar,Female,21,Consumer,Surat,Gujarat,West,2022-01-10
C01740,Kavya Gupta,Female,18,Corporate,Kochi,Kerala,South,2025-11-29
C01741,Aarav Verma,Female,27,Small Business,Kochi,Kerala,South,2022-11-01
C01742,Sanya Kumar,Female,55,Consumer,Pune,Maharashtra,West,2026-01-19
C01743,Meera Sharma,Male,61,Small Business,Meerut,Uttar Pradesh,North,2024-01-28
C01744,Riya Verma,Male,35,Consumer,Mumbai,Maharashtra,West,2025-03-25
C01745,Diya Mehta,Male,46,Corporate,Meerut,Uttar Pradesh,North,2024-01-19
C01746,Ananya Verma,Male,61,Consumer,Delhi,Delhi,North,2022-03-08
C01747,Pooja Malhotra,Male,25,Consumer,Chennai,Tamil Nadu,South,2022-06-26
C01748,Rohan Chaudhary,Female,40,Consumer,Mumbai,Maharashtra,West,2024-11-25
C01749,Rohan Gupta,Male,65,Small Business,Delhi,Delhi,North,2022-10-04
C01750,Priya Bansal,Female,52,Consumer,Kochi,Kerala,South,2024-11-11
C01751,Aisha Malhotra,Female,46,Small Business,Kochi,Kerala,South,2022-01-18
C01752,Riya Malhotra,Female,65,Corporate,Meerut,Uttar Pradesh,North,2025-11-18
C01753,Arjun Kapoor,Male,37,Small Business,Jaipur,Rajasthan,North,2024-01-11
C01754,Arjun Malhotra,Male,22,Small Business,Pune,Maharashtra,West,2025-03-09
C01755,Neha Verma,Female,42,Corporate,Meerut,Uttar Pradesh,North,2022-11-05
C01756,Neha Sharma,Female,64,Small Business,Guwahati,Assam,East,2022-03-25
C01757,Aditya Singh,Female,66,Consumer,Ahmedabad,Gujarat,West,2025-12-14
C01758,Arjun Jain,Female,64,Consumer,Pune,Maharashtra,West,2024-10-03
C01759,Neha Singh,Male,30,Corporate,Kolkata,West Bengal,East,2024-01-02
C01760,Arjun Kumar,Female,39,Consumer,Patna,Bihar,East,2025-12-05
C01761,Aarav Chaudhary,Female,55,Consumer,Jaipur,Rajasthan,North,2024-03-03
C01762,Diya Mishra,Male,68,Consumer,Pune,Maharashtra,West,2022-04-12
C01763,Neha Malhotra,Female,38,Consumer,Patna,Bihar,East,2024-09-03
C01764,Meera Mehta,Female,29,Small Business,Jaipur,Rajasthan,North,2023-08-12
C01765,Vivaan Bansal,Female,65,Consumer,Jaipur,Rajasthan,North,2023-01-29
C01766,Ishaan Gupta,Female,51,Consumer,Delhi,Delhi,North,2025-04-10
C01767,Aisha Chaudhary,Male,44,Consumer,Bengaluru,Karnataka,South,2022-08-04
C01768,Neha Malhotra,Female,33,Corporate,Kolkata,West Bengal,East,2024-07-19
C01769,Priya Chaudhary,Female,27,Small Business,Patna,Bihar,East,2022-10-17
C01770,Kabir Singh,Female,63,Consumer,Chandigarh,Chandigarh,North,2022-10-08
C01771,Ananya Kumar,Female,46,Small Business,Delhi,Delhi,North,2024-10-11
C01772,Pooja Jain,Female,26,Corporate,Kochi,Kerala,South,2024-01-28
C01773,Rohan Jain,Female,39,Small Business,Jaipur,Rajasthan,North,2026-01-22
C01774,Ayaan Verma,Female,58,Consumer,Chandigarh,Chandigarh,North,2022-05-13
C01775,Ayaan Gupta,Male,43,Consumer,Hyderabad,Telangana,South,2025-01-16
C01776,Neha Bansal,Female,60,Small Business,Mumbai,Maharashtra,West,2022-05-14
C01777,Priya Malhotra,Female,60,Small Business,Jaipur,Rajasthan,North,2024-03-18
C01778,Diya Mishra,Female,65,Consumer,Delhi,Delhi,North,2024-12-17
C01779,Diya Mishra,Male,37,Small Business,Bhubaneswar,Odisha,East,2022-10-08
C01780,Simran Kumar,Female,66,Consumer,Bengaluru,Karnataka,South,2022-02-10
C01781,Meera Gupta,Female,62,Corporate,Kochi,Kerala,South,2024-09-16
C01782,Simran Singh,Female,65,Small Business,Ahmedabad,Gujarat,West,2024-09-10
C01783,Tanya Verma,Male,60,Corporate,Pune,Maharashtra,West,2023-01-05
C01784,Diya Verma,Male,21,Corporate,Kochi,Kerala,South,2025-05-23
C01785,Ayaan Malhotra,Male,34,Consumer,Kochi,Kerala,South,2023-12-17
C01786,Meera Chaudhary,Female,55,Consumer,Chennai,Tamil Nadu,South,2022-12-30
C01787,Diya Jain,Female,54,Corporate,Surat,Gujarat,West,2025-05-06
C01788,Tanya Kumar,Male,30,Corporate,Mumbai,Maharashtra,West,2024-04-28
C01789,Kavya Mishra,Male,68,Corporate,Surat,Gujarat,West,2022-08-12
C01790,Meera Jain,Male,41,Consumer,Bengaluru,Karnataka,South,2025-12-06
C01791,Pooja Mehta,Female,22,Small Business,Hyderabad,Telangana,South,2025-10-11
C01792,Rohan Sharma,Female,44,Small Business,Meerut,Uttar Pradesh,North,2022-05-12
C01793,Ananya Malhotra,Female,46,Consumer,Kolkata,West Bengal,East,2022-05-02
C01794,Aisha Sharma,Male,32,Small Business,Mumbai,Maharashtra,West,2024-07-10
C01795,Tanya Verma,Male,60,Small Business,Delhi,Delhi,North,2022-01-30
C01796,Aditya Sharma,Female,34,Small Business,Meerut,Uttar Pradesh,North,2026-01-17
C01797,Ananya Malhotra,Female,20,Consumer,Pune,Maharashtra,West,2022-01-17
C01798,Ayaan Singh,Male,32,Corporate,Guwahati,Assam,East,2025-05-24
C01799,Ayaan Malhotra,Male,57,Small Business,Pune,Maharashtra,West,2024-03-05
C01800,Aisha Singh,Male,30,Consumer,Pune,Maharashtra,West,2022-04-03
C01801,Kavya Kapoor,Male,60,Consumer,Meerut,Uttar Pradesh,North,2025-03-01
C01802,Ayaan Bansal,Male,59,Small Business,Delhi,Delhi,North,2023-07-16
C01803,Aisha Kapoor,Female,31,Consumer,Pune,Maharashtra,West,2024-12-18
C01804,Rohan Verma,Female,43,Consumer,Chandigarh,Chandigarh,North,2023-11-05
C01805,Aditya Bansal,Male,46,Corporate,Pune,Maharashtra,West,2023-12-29
C01806,Ishaan Mishra,Female,32,Consumer,Chennai,Tamil Nadu,South,2025-06-05
C01807,Riya Mehta,Female,68,Small Business,Hyderabad,Telangana,South,2023-03-07
C01808,Vivaan Kapoor,Female,50,Small Business,Guwahati,Assam,East,2022-10-15
C01809,Ananya Sharma,Male,29,Consumer,Guwahati,Assam,East,2024-09-05
C01810,Rohan Sharma,Male,51,Small Business,Ahmedabad,Gujarat,West,2025-10-12
C01811,Kavya Jain,Female,63,Consumer,Meerut,Uttar Pradesh,North,2024-02-05
C01812,Diya Kumar,Male,32,Consumer,Ahmedabad,Gujarat,West,2022-08-10
C01813,Ishaan Kumar,Male,44,Corporate,Patna,Bihar,East,2025-12-04
C01814,Simran Sharma,Female,18,Consumer,Kolkata,West Bengal,East,2022-07-23
C01815,Ananya Kapoor,Male,68,Small Business,Pune,Maharashtra,West,2024-12-10
C01816,Diya Malhotra,Female,47,Consumer,Ahmedabad,Gujarat,West,2024-05-08
C01817,Arjun Jain,Male,57,Consumer,Meerut,Uttar Pradesh,North,2025-09-03
C01818,Ananya Kapoor,Male,19,Corporate,Meerut,Uttar Pradesh,North,2024-07-20
C01819,Aditya Malhotra,Female,33,Corporate,Meerut,Uttar Pradesh,North,2025-09-19
C01820,Sanya Malhotra,Female,31,Small Business,Chennai,Tamil Nadu,South,2023-11-12
C01821,Riya Kapoor,Male,57,Small Business,Kolkata,West Bengal,East,2023-02-13
C01822,Priya Gupta,Female,43,Consumer,Kolkata,West Bengal,East,2022-06-28
C01823,Kabir Malhotra,Female,46,Small Business,Kolkata,West Bengal,East,2024-09-21
C01824,Kabir Kumar,Female,61,Small Business,Pune,Maharashtra,West,2025-05-06
C01825,Pooja Verma,Male,54,Small Business,Patna,Bihar,East,2022-02-21
C01826,Diya Jain,Female,28,Consumer,Bhubaneswar,Odisha,East,2022-08-04
C01827,Pooja Chaudhary,Female,21,Small Business,Kolkata,West Bengal,East,2025-01-22
C01828,Sanya Jain,Female,40,Small Business,Jaipur,Rajasthan,North,2023-06-20
C01829,Vivaan Bansal,Female,54,Small Business,Meerut,Uttar Pradesh,North,2025-09-13
C01830,Priya Bansal,Male,48,Small Business,Bengaluru,Karnataka,South,2024-04-10
C01831,Diya Gupta,Female,22,Corporate,Surat,Gujarat,West,2022-05-08
C01832,Pooja Singh,Male,48,Small Business,Chennai,Tamil Nadu,South,2022-05-20
C01833,Riya Kumar,Female,53,Small Business,Hyderabad,Telangana,South,2024-10-28
C01834,Kabir Gupta,Female,49,Small Business,Kochi,Kerala,South,2025-03-19
C01835,Arjun Verma,Female,36,Consumer,Guwahati,Assam,East,2025-12-29
C01836,Tanya Kapoor,Male,56,Consumer,Chandigarh,Chandigarh,North,2023-06-13
C01837,Meera Malhotra,Male,63,Consumer,Bengaluru,Karnataka,South,2025-03-14
C01838,Ayaan Mehta,Female,65,Small Business,Ahmedabad,Gujarat,West,2023-05-02
C01839,Arjun Singh,Male,34,Small Business,Delhi,Delhi,North,2024-03-12
C01840,Kavya Jain,Male,64,Small Business,Hyderabad,Telangana,South,2022-09-22
C01841,Tanya Verma,Female,21,Consumer,Mumbai,Maharashtra,West,2025-07-31
C01842,Aditya Chaudhary,Female,21,Consumer,Guwahati,Assam,East,2025-02-19
C01843,Riya Malhotra,Male,49,Consumer,Kolkata,West Bengal,East,2023-12-19
C01844,Ishaan Chaudhary,Female,18,Small Business,Bhubaneswar,Odisha,East,2023-10-20
C01845,Kavya Malhotra,Male,50,Small Business,Surat,Gujarat,West,2024-09-13
C01846,Ayaan Kumar,Female,60,Small Business,Surat,Gujarat,West,2023-03-15
C01847,Meera Verma,Female,62,Small Business,Meerut,Uttar Pradesh,North,2024-07-31
C01848,Tanya Kapoor,Female,51,Consumer,Ahmedabad,Gujarat,West,2023-08-24
C01849,Riya Mehta,Female,53,Corporate,Ahmedabad,Gujarat,West,2025-01-09
C01850,Arjun Verma,Male,64,Corporate,Meerut,Uttar Pradesh,North,2024-09-29
C01851,Ishaan Kumar,Male,23,Small Business,Meerut,Uttar Pradesh,North,2024-05-26
C01852,Kabir Malhotra,Male,23,Consumer,Jaipur,Rajasthan,North,2025-11-21
C01853,Arjun Sharma,Male,63,Consumer,Kochi,Kerala,South,2024-10-02
C01854,Aditya Mehta,Female,65,Corporate,Kochi,Kerala,South,2024-04-22
C01855,Meera Malhotra,Female,65,Consumer,Guwahati,Assam,East,2024-10-05
C01856,Arjun Mehta,Female,47,Corporate,Kolkata,West Bengal,East,2023-05-03
C01857,Neha Mishra,Male,66,Consumer,Mumbai,Maharashtra,West,2024-02-03
C01858,Neha Gupta,Female,21,Consumer,Mumbai,Maharashtra,West,2025-01-31
C01859,Aarav Kumar,Female,34,Consumer,Chandigarh,Chandigarh,North,2022-05-10
C01860,Ayaan Singh,Male,27,Corporate,Bhubaneswar,Odisha,East,2024-09-20
C01861,Rohan Gupta,Female,53,Small Business,Meerut,Uttar Pradesh,North,2023-01-12
C01862,Rohan Mishra,Female,37,Small Business,Surat,Gujarat,West,2024-06-10
C01863,Sanya Gupta,Male,23,Small Business,Bengaluru,Karnataka,South,2022-08-12
C01864,Aditya Kumar,Male,68,Small Business,Pune,Maharashtra,West,2025-05-23
C01865,Riya Kumar,Male,36,Corporate,Meerut,Uttar Pradesh,North,2023-09-01
C01866,Aditya Verma,Female,44,Corporate,Meerut,Uttar Pradesh,North,2024-07-22
C01867,Simran Singh,Female,51,Consumer,Kolkata,West Bengal,East,2023-07-26
C01868,Ananya Sharma,Female,61,Corporate,Chandigarh,Chandigarh,North,2023-12-15
C01869,Aisha Kumar,Female,32,Small Business,Surat,Gujarat,West,2023-12-20
C01870,Simran Chaudhary,Male,56,Consumer,Jaipur,Rajasthan,North,2025-02-17
C01871,Kabir Kumar,Female,48,Small Business,Bengaluru,Karnataka,South,2024-07-28
C01872,Kavya Singh,Male,56,Corporate,Patna,Bihar,East,2025-11-20
C01873,Ishaan Malhotra,Female,68,Corporate,Kolkata,West Bengal,East,2025-02-06
C01874,Riya Kumar,Female,51,Small Business,Chandigarh,Chandigarh,North,2022-02-10
C01875,Riya Sharma,Female,64,Consumer,Kolkata,West Bengal,East,2024-12-07
C01876,Priya Kapoor,Female,59,Small Business,Surat,Gujarat,West,2025-02-25
C01877,Aisha Gupta,Male,49,Corporate,Ahmedabad,Gujarat,West,2024-05-13
C01878,Meera Bansal,Male,47,Corporate,Surat,Gujarat,West,2024-05-06
C01879,Neha Chaudhary,Male,60,Consumer,Chennai,Tamil Nadu,South,2022-08-19
C01880,Aditya Mehta,Female,25,Small Business,Kochi,Kerala,South,2024-06-13
C01881,Aditya Gupta,Female,20,Small Business,Jaipur,Rajasthan,North,2023-03-30
C01882,Aditya Chaudhary,Female,19,Consumer,Ahmedabad,Gujarat,West,2023-12-14
C01883,Aisha Jain,Male,44,Corporate,Patna,Bihar,East,2025-03-06
C01884,Vivaan Sharma,Female,36,Corporate,Bhubaneswar,Odisha,East,2022-12-04
C01885,Ayaan Mishra,Male,35,Small Business,Chennai,Tamil Nadu,South,2024-04-30
C01886,Priya Kumar,Male,57,Consumer,Meerut,Uttar Pradesh,North,2024-09-22
C01887,Neha Singh,Female,39,Small Business,Delhi,Delhi,North,2025-10-22
C01888,Simran Kapoor,Male,55,Corporate,Ahmedabad,Gujarat,West,2024-05-01
C01889,Aarav Kapoor,Female,35,Consumer,Jaipur,Rajasthan,North,2025-03-30
C01890,Kabir Gupta,Female,51,Small Business,Jaipur,Rajasthan,North,2024-09-02
C01891,Simran Chaudhary,Female,37,Consumer,Meerut,Uttar Pradesh,North,2022-04-10
C01892,Aisha Malhotra,Female,19,Corporate,Kolkata,West Bengal,East,2023-02-09
C01893,Riya Mishra,Female,60,Small Business,Ahmedabad,Gujarat,West,2022-07-31
C01894,Aarav Chaudhary,Male,28,Small Business,Pune,Maharashtra,West,2023-06-29
C01895,Vivaan Chaudhary,Female,31,Small Business,Kochi,Kerala,South,2023-11-24
C01896,Tanya Kapoor,Female,32,Corporate,Jaipur,Rajasthan,North,2022-12-25
C01897,Tanya Chaudhary,Female,62,Small Business,Chandigarh,Chandigarh,North,2025-09-20
C01898,Ayaan Malhotra,Female,52,Consumer,Kochi,Kerala,South,2022-10-10
C01899,Kavya Jain,Female,40,Consumer,Kochi,Kerala,South,2022-08-05
C01900,Kavya Singh,Female,30,Small Business,Guwahati,Assam,East,2022-08-19
C01901,Aarav Mehta,Female,25,Corporate,Kochi,Kerala,South,2024-09-15
C01902,Sanya Mehta,Male,58,Corporate,Delhi,Delhi,North,2022-06-07
C01903,Rohan Sharma,Male,54,Small Business,Chandigarh,Chandigarh,North,2022-12-28
C01904,Pooja Verma,Female,65,Small Business,Kochi,Kerala,South,2024-09-27
C01905,Meera Bansal,Male,46,Corporate,Ahmedabad,Gujarat,West,2024-12-16
C01906,Aditya Jain,Male,60,Corporate,Hyderabad,Telangana,South,2022-03-16
C01907,Ishaan Bansal,Female,37,Corporate,Patna,Bihar,East,2023-06-23
C01908,Simran Kapoor,Male,40,Small Business,Mumbai,Maharashtra,West,2022-07-17
C01909,Ishaan Singh,Female,44,Consumer,Delhi,Delhi,North,2022-01-29
C01910,Ananya Chaudhary,Male,64,Small Business,Guwahati,Assam,East,2023-10-04
C01911,Vivaan Bansal,Female,58,Small Business,Meerut,Uttar Pradesh,North,2022-12-13
C01912,Kavya Kapoor,Male,47,Small Business,Jaipur,Rajasthan,North,2022-06-22
C01913,Vivaan Verma,Female,19,Consumer,Kolkata,West Bengal,East,2022-04-24
C01914,Priya Singh,Male,53,Corporate,Bhubaneswar,Odisha,East,2025-07-31
C01915,Aisha Kumar,Female,42,Small Business,Jaipur,Rajasthan,North,2024-12-31
C01916,Aarav Kumar,Female,23,Corporate,Kochi,Kerala,South,2023-09-10
C01917,Aarav Singh,Female,23,Small Business,Kolkata,West Bengal,East,2023-06-20
C01918,Simran Sharma,Male,51,Corporate,Meerut,Uttar Pradesh,North,2024-09-08
C01919,Kabir Bansal,Female,64,Corporate,Chandigarh,Chandigarh,North,2023-11-23
C01920,Aarav Jain,Female,33,Corporate,Meerut,Uttar Pradesh,North,2025-06-28
C01921,Aisha Sharma,Male,59,Small Business,Ahmedabad,Gujarat,West,2024-07-04
C01922,Diya Bansal,Female,33,Corporate,Chennai,Tamil Nadu,South,2024-12-14
C01923,Meera Singh,Female,29,Consumer,Kolkata,West Bengal,East,2023-01-20
C01924,Meera Jain,Female,29,Corporate,Chennai,Tamil Nadu,South,2025-11-26
C01925,Aditya Mishra,Female,21,Corporate,Surat,Gujarat,West,2023-09-17
C01926,Rohan Kumar,Female,60,Corporate,Chennai,Tamil Nadu,South,2023-03-07
C01927,Tanya Mishra,Female,23,Small Business,Kochi,Kerala,South,2025-04-04
C01928,Kabir Chaudhary,Female,62,Consumer,Patna,Bihar,East,2022-12-01
C01929,Kavya Gupta,Female,66,Corporate,Kolkata,West Bengal,East,2025-01-25
C01930,Neha Bansal,Female,38,Small Business,Meerut,Uttar Pradesh,North,2024-11-14
C01931,Meera Chaudhary,Male,65,Consumer,Mumbai,Maharashtra,West,2023-09-11
C01932,Simran Kapoor,Female,45,Small Business,Jaipur,Rajasthan,North,2023-06-24
C01933,Tanya Verma,Female,42,Small Business,Ahmedabad,Gujarat,West,2024-08-29
C01934,Priya Gupta,Female,67,Corporate,Hyderabad,Telangana,South,2025-01-08
C01935,Rohan Singh,Female,62,Small Business,Patna,Bihar,East,2024-05-07
C01936,Diya Bansal,Male,35,Corporate,Jaipur,Rajasthan,North,2022-03-07
C01937,Priya Mehta,Female,33,Consumer,Chandigarh,Chandigarh,North,2022-03-27
C01938,Pooja Verma,Male,61,Consumer,Bhubaneswar,Odisha,East,2025-08-23
C01939,Rohan Chaudhary,Female,42,Corporate,Hyderabad,Telangana,South,2024-09-11
C01940,Tanya Gupta,Male,33,Small Business,Kolkata,West Bengal,East,2023-12-27
C01941,Meera Jain,Male,32,Small Business,Chandigarh,Chandigarh,North,2025-05-23
C01942,Sanya Verma,Female,52,Small Business,Meerut,Uttar Pradesh,North,2023-05-16
C01943,Ayaan Bansal,Male,23,Small Business,Jaipur,Rajasthan,North,2024-02-08
C01944,Ananya Mishra,Female,50,Consumer,Hyderabad,Telangana,South,2023-08-17
C01945,Aisha Kumar,Female,65,Small Business,Kochi,Kerala,South,2025-12-27
C01946,Kavya Kumar,Female,46,Corporate,Chennai,Tamil Nadu,South,2024-04-02
C01947,Arjun Kapoor,Female,29,Small Business,Delhi,Delhi,North,2023-12-07
C01948,Ishaan Kumar,Female,55,Consumer,Pune,Maharashtra,West,2025-12-14
C01949,Priya Verma,Female,54,Corporate,Guwahati,Assam,East,2022-01-26
C01950,Aditya Malhotra,Male,31,Consumer,Bhubaneswar,Odisha,East,2022-07-02
C01951,Ananya Gupta,Female,45,Consumer,Hyderabad,Telangana,South,2024-08-06
C01952,Kavya Mishra,Male,23,Small Business,Ahmedabad,Gujarat,West,2023-01-25
C01953,Simran Gupta,Female,30,Consumer,Mumbai,Maharashtra,West,2022-06-09
C01954,Kavya Gupta,Female,50,Corporate,Patna,Bihar,East,2023-04-07
C01955,Neha Gupta,Male,24,Consumer,Bengaluru,Karnataka,South,2023-09-09
C01956,Meera Kapoor,Male,68,Consumer,Meerut,Uttar Pradesh,North,2024-01-17
C01957,Kabir Verma,Female,51,Corporate,Ahmedabad,Gujarat,West,2025-11-15
C01958,Ayaan Mehta,Female,31,Consumer,Bhubaneswar,Odisha,East,2023-08-25
C01959,Sanya Gupta,Female,30,Corporate,Guwahati,Assam,East,2023-12-22
C01960,Sanya Mishra,Male,42,Small Business,Delhi,Delhi,North,2025-04-13
C01961,Kabir Singh,Female,26,Corporate,Delhi,Delhi,North,2025-05-19
C01962,Aditya Gupta,Male,57,Consumer,Bhubaneswar,Odisha,East,2022-09-24
C01963,Aisha Chaudhary,Female,55,Consumer,Kolkata,West Bengal,East,2023-10-31
C01964,Pooja Chaudhary,Female,60,Corporate,Pune,Maharashtra,West,2023-12-25
C01965,Diya Gupta,Male,66,Corporate,Chandigarh,Chandigarh,North,2022-03-07
C01966,Vivaan Bansal,Female,46,Corporate,Jaipur,Rajasthan,North,2022-08-04
C01967,Aditya Singh,Female,65,Small Business,Meerut,Uttar Pradesh,North,2023-11-08
C01968,Rohan Sharma,Male,44,Small Business,Hyderabad,Telangana,South,2024-01-19
C01969,Simran Mehta,Male,28,Small Business,Meerut,Uttar Pradesh,North,2022-02-15
C01970,Priya Chaudhary,Female,34,Corporate,Jaipur,Rajasthan,North,2024-04-30
C01971,Neha Chaudhary,Male,45,Corporate,Kolkata,West Bengal,East,2022-04-05
C01972,Ishaan Gupta,Male,36,Corporate,Guwahati,Assam,East,2023-03-05
C01973,Riya Kumar,Male,56,Consumer,Patna,Bihar,East,2023-01-21
C01974,Sanya Kapoor,Male,68,Consumer,Kolkata,West Bengal,East,2022-06-20
C01975,Neha Sharma,Male,39,Corporate,Kochi,Kerala,South,2022-02-26
C01976,Aditya Gupta,Male,33,Small Business,Surat,Gujarat,West,2023-06-29
C01977,Aisha Gupta,Female,67,Small Business,Bhubaneswar,Odisha,East,2024-06-11
C01978,Kavya Chaudhary,Male,48,Small Business,Ahmedabad,Gujarat,West,2022-02-25
C01979,Simran Chaudhary,Female,51,Corporate,Ahmedabad,Gujarat,West,2024-12-28
C01980,Meera Singh,Male,57,Small Business,Guwahati,Assam,East,2023-07-30
C01981,Meera Sharma,Male,64,Small Business,Ahmedabad,Gujarat,West,2023-06-29
C01982,Ayaan Mehta,Female,24,Consumer,Chandigarh,Chandigarh,North,2024-01-24
C01983,Ishaan Gupta,Female,63,Small Business,Kochi,Kerala,South,2024-09-26
C01984,Kavya Mehta,Female,38,Corporate,Patna,Bihar,East,2024-01-25
C01985,Neha Kumar,Male,62,Small Business,Ahmedabad,Gujarat,West,2025-02-12
C01986,Diya Malhotra,Female,62,Corporate,Kolkata,West Bengal,East,2025-03-31
C01987,Kabir Mishra,Male,29,Corporate,Surat,Gujarat,West,2023-06-29
C01988,Rohan Kumar,Male,34,Small Business,Jaipur,Rajasthan,North,2024-12-14
C01989,Meera Chaudhary,Male,64,Corporate,Bhubaneswar,Odisha,East,2022-07-24
C01990,Ayaan Chaudhary,Male,32,Corporate,Kochi,Kerala,South,2024-07-16
C01991,Aarav Mehta,Male,42,Consumer,Bhubaneswar,Odisha,East,2023-10-20
C01992,Priya Malhotra,Male,67,Small Business,Bengaluru,Karnataka,South,2024-05-11
C01993,Aditya Kumar,Male,38,Small Business,Pune,Maharashtra,West,2023-01-15
C01994,Riya Gupta,Male,35,Consumer,Ahmedabad,Gujarat,West,2025-09-25
C01995,Kavya Verma,Female,30,Small Business,Surat,Gujarat,West,2022-05-31
C01996,Ananya Bansal,Female,25,Consumer,Delhi,Delhi,North,2025-09-12
C01997,Aisha Singh,Female,18,Small Business,Delhi,Delhi,North,2022-03-07
C01998,Ayaan Mehta,Female,28,Corporate,Jaipur,Rajasthan,North,2023-10-14
C01999,Neha Jain,Female,42,Consumer,Surat,Gujarat,West,2024-11-12
C02000,Meera Malhotra,Female,33,Corporate,Guwahati,Assam,East,2023-08-04
